Message_id,User_id1,User_id2,Texte/contenu,texte traduit,timestamp
42051,716723I,503507F,Puoi aiutarmi con questo?,Peux-tu m'aider avec ça ?,25/11/2024 03:27:21
55455,440231G,125721F,Wir sehen uns morgen!,On se voit demain !,16/3/2024 22:10:28
25550,411136F,541257E,J'espère que tu vas bien.,Espero que estés bien.,15/12/2024 15:39:46
41240,577013F,322413I,C'est une belle journée.,È una bella giornata.,13/1/2024 00:51:40
20254,642036G,167233F,Es ist ein schöner Tag.,C'est une belle journée.,6/5/2024 13:59:04
50103,164255F,430565E,Quelle heure est-il ?,¿Qué hora es?,6/8/2024 17:08:49
01354,447341G,771576F,"Hallo, wie geht's dir?","Bonjour, comment ça va ?",15/11/2024 15:00:23
44142,667324G,311260F,"Ich hoffe, es geht dir gut.",J'espère que tu vas bien.,10/2/2024 06:05:06
13534,562416I,130516F,Ci vediamo domani!,On se voit demain !,16/9/2024 21:59:09
11110,346472G,163451F,Kannst du mir damit helfen?,Peux-tu m'aider avec ça ?,29/2/2024 21:01:16
22003,742715I,531113F,"Ciao, come stai?","Bonjour, comment ça va ?",8/4/2024 01:58:33
55043,717421E,545672F,Espero que estés bien.,J'espère que tu vas bien.,4/4/2024 08:40:51
54312,257502E,116657F,¿Puedes ayudarme con esto?,Peux-tu m'aider avec ça ?,28/1/2024 07:20:56
33201,031250I,764317F,Buona giornata!,Passe une excellente journée !,9/10/2024 18:18:59
53410,510735G,417270F,"Ich hoffe, es geht dir gut.",J'espère que tu vas bien.,7/8/2024 14:20:28
21453,723502F,365350E,Peux-tu m'aider avec ça ?,¿Puedes ayudarme con esto?,3/8/2024 06:03:49
51344,632477G,125721F,Kannst du mir damit helfen?,Peux-tu m'aider avec ça ?,19/6/2024 07:07:46
32511,354052E,432135F,¿Puedes ayudarme con esto?,Peux-tu m'aider avec ça ?,25/8/2024 16:49:17
31555,031520G,755313F,Es ist ein schöner Tag.,C'est une belle journée.,6/7/2024 09:13:46
20035,474533E,663115F,Espero que estés bien.,J'espère que tu vas bien.,30/4/2024 14:32:23
40055,756006F,246564G,Quelle heure est-il ?,Wie spät ist es?,9/1/2024 21:40:11
40231,105473E,164255F,¿Qué haces hoy?,Que fais-tu aujourd'hui ?,1/4/2024 08:07:53
22035,672100F,123241E,Passe une excellente journée !,¡Que tengas un gran día!,25/12/2024 15:42:21
12232,710032F,107220E,On se voit demain !,¡Nos vemos mañana!,19/7/2024 02:54:32
44421,305144E,077005F,¡Nos vemos mañana!,On se voit demain !,6/5/2024 14:54:22
15205,636462G,277617F,"Hallo, wie geht's dir?","Bonjour, comment ça va ?",23/6/2024 15:50:22
35312,140327I,542114F,Com'è andato il tuo weekend?,Comment s'est passé ton week-end ?,18/5/2024 08:09:35
45132,063221F,441305E,Bonjour !,¡Buenos días!,27/1/2024 07:26:11
55510,573576E,132266F,¡Buenos días!,Bonjour !,20/1/2024 09:27:13
51243,276364G,457577F,Kannst du mir damit helfen?,Peux-tu m'aider avec ça ?,25/8/2024 14:11:54
52413,574345F,072621G,Que fais-tu aujourd'hui ?,Was machst du heute?,3/5/2024 20:50:27
45010,303435F,461657E,Que fais-tu aujourd'hui ?,¿Qué haces hoy?,19/1/2024 14:05:13
41122,554002G,744150F,"Hallo, wie geht's dir?","Bonjour, comment ça va ?",4/5/2024 09:44:07
03045,352346I,764317F,"Ciao, come stai?","Bonjour, comment ça va ?",21/5/2024 19:05:17
43213,163705I,733054F,Ci vediamo domani!,On se voit demain !,30/12/2024 17:05:20
55242,400160G,376565F,Was machst du heute?,Que fais-tu aujourd'hui ?,19/2/2024 07:34:00
03341,547465E,533642F,¿Qué haces hoy?,Que fais-tu aujourd'hui ?,15/1/2024 14:24:37
11315,503040E,557503F,¿Puedes ayudarme con esto?,Peux-tu m'aider avec ça ?,28/12/2024 08:50:54
45523,606175E,144711F,¡Que tengas un gran día!,Passe une excellente journée !,26/9/2024 14:28:12
20452,331731G,331226F,Wir sehen uns morgen!,On se voit demain !,25/1/2024 07:44:06
12344,521444G,471505F,Kannst du mir damit helfen?,Peux-tu m'aider avec ça ?,5/4/2024 17:06:21
22022,660066G,311260F,Es ist ein schöner Tag.,C'est une belle journée.,6/5/2024 02:03:44
44004,524447I,417270F,Spero che tu stia bene.,J'espère que tu vas bien.,2/10/2024 17:10:44
55005,171022G,253236F,Wie spät ist es?,Quelle heure est-il ?,4/11/2024 06:30:42
14214,332255G,121401F,Es ist ein schöner Tag.,C'est une belle journée.,22/4/2024 03:49:30
14105,364007E,207424F,Hace un día precioso.,C'est une belle journée.,1/7/2024 14:23:02
35400,231155I,055643F,Puoi aiutarmi con questo?,Peux-tu m'aider avec ça ?,13/5/2024 05:28:21
13322,015377I,077005F,Spero che tu stia bene.,J'espère que tu vas bien.,22/8/2024 23:54:08
25251,461657E,417270F,¿Qué haces hoy?,Que fais-tu aujourd'hui ?,12/2/2024 01:59:30
31553,000304F,113725I,"Bonjour, comment ça va ?","Ciao, come stai?",27/4/2024 20:20:13
53433,154405G,500261F,"Hallo, wie geht's dir?","Bonjour, comment ça va ?",27/5/2024 04:53:17
40155,645260I,435755F,Spero che tu stia bene.,J'espère que tu vas bien.,13/6/2024 13:25:13
33114,241005F,473761I,"Bonjour, comment ça va ?","Ciao, come stai?",17/5/2024 12:16:36
52101,312775G,347234F,Was machst du heute?,Que fais-tu aujourd'hui ?,6/4/2024 20:59:00
15203,451041G,373763F,Wie war dein Wochenende?,Comment s'est passé ton week-end ?,1/10/2024 20:55:07
43500,321053G,534544F,Hab einen schönen Tag!,Passe une excellente journée !,16/12/2024 23:58:17
32341,246042I,761407F,Buona giornata!,Passe une excellente journée !,17/12/2024 23:55:36
15545,272467E,626757F,¿Qué haces hoy?,Que fais-tu aujourd'hui ?,16/9/2024 11:07:39
23210,464352E,331226F,¿Qué hora es?,Quelle heure est-il ?,12/8/2024 17:50:57
51303,363507I,374736F,Buona giornata!,Passe une excellente journée !,14/5/2024 01:03:49
01153,173363F,654255E,On se voit demain !,¡Nos vemos mañana!,22/5/2024 20:29:21
55032,665021E,401343F,¡Buenos días!,Bonjour !,13/10/2024 03:10:34
32120,662144I,756006F,Buongiorno!,Bonjour !,8/3/2024 12:24:48
32435,434632E,462356F,Espero que estés bien.,J'espère que tu vas bien.,17/12/2024 02:21:03
05342,472026G,450070F,Wie spät ist es?,Quelle heure est-il ?,17/11/2024 04:30:05
02154,130702E,367305F,¿Puedes ayudarme con esto?,Peux-tu m'aider avec ça ?,3/2/2024 00:25:59
15555,113725I,002763F,Com'è andato il tuo weekend?,Comment s'est passé ton week-end ?,1/1/2024 22:30:34
23050,670441F,153371G,On se voit demain !,Wir sehen uns morgen!,7/12/2024 06:22:24
20351,671005E,635371F,¿Qué hora es?,Quelle heure est-il ?,16/9/2024 17:36:57
31451,051652E,764317F,Hace un día precioso.,C'est une belle journée.,8/4/2024 04:01:59
25241,021263E,604016F,¡Nos vemos mañana!,On se voit demain !,8/1/2024 09:38:15
10145,530144E,101414F,¡Que tengas un gran día!,Passe une excellente journée !,28/5/2024 20:35:25
53552,375060I,761407F,Puoi aiutarmi con questo?,Peux-tu m'aider avec ça ?,12/9/2024 17:15:28
41145,071131G,160265F,Kannst du mir damit helfen?,Peux-tu m'aider avec ça ?,11/12/2024 00:01:43
25442,576075F,636761G,Quelle heure est-il ?,Wie spät ist es?,12/4/2024 05:53:29
25002,645673E,273176F,¿Qué haces hoy?,Que fais-tu aujourd'hui ?,26/12/2024 08:51:55
55152,367305F,064336E,"Bonjour, comment ça va ?","Hola, ¿cómo estás?",6/2/2024 02:56:47
54220,730707I,242332F,Che ore sono?,Quelle heure est-il ?,16/3/2024 23:09:20
45401,243354F,735634I,J'espère que tu vas bien.,Spero che tu stia bene.,10/3/2024 22:18:13
11455,663234E,331612F,¡Que tengas un gran día!,Passe une excellente journée !,21/10/2024 17:51:57
43542,564326G,771576F,Wie spät ist es?,Quelle heure est-il ?,9/11/2024 21:47:38
02104,304557F,602613E,Passe une excellente journée !,¡Que tengas un gran día!,15/2/2024 06:56:12
33125,107657E,401343F,¿Qué haces hoy?,Que fais-tu aujourd'hui ?,11/12/2024 03:53:04
24132,430565E,167233F,"Hola, ¿cómo estás?","Bonjour, comment ça va ?",2/11/2024 22:32:58
12154,106225E,723715F,¡Buenos días!,Bonjour !,1/8/2024 14:21:56
40131,255774F,551157G,Comment s'est passé ton week-end ?,Wie war dein Wochenende?,23/10/2024 05:29:22
25104,253744G,674433F,Guten Morgen!,Bonjour !,20/7/2024 03:31:27
02202,057301F,451041G,Peux-tu m'aider avec ça ?,Kannst du mir damit helfen?,4/9/2024 09:49:47
35252,246437G,172522F,"Ich hoffe, es geht dir gut.",J'espère que tu vas bien.,21/8/2024 15:24:12
54131,040070F,272522G,C'est une belle journée.,Es ist ein schöner Tag.,11/3/2024 21:58:30
20420,100457F,540703G,On se voit demain !,Wir sehen uns morgen!,6/5/2024 08:33:22
15402,101414F,013656I,"Bonjour, comment ça va ?","Ciao, come stai?",4/6/2024 01:52:18
40115,212424F,144402I,J'espère que tu vas bien.,Spero che tu stia bene.,22/8/2024 15:05:46
22024,103126I,264675F,"Ciao, come stai?","Bonjour, comment ça va ?",4/4/2024 21:57:48
21122,734744E,076206F,¡Buenos días!,Bonjour !,16/1/2024 02:22:33
45513,730214E,543672F,¿Qué haces hoy?,Que fais-tu aujourd'hui ?,11/5/2024 22:27:58
40424,055203E,470462F,¿Puedes ayudarme con esto?,Peux-tu m'aider avec ça ?,12/12/2024 17:02:07
53410,001732E,733140F,¿Puedes ayudarme con esto?,Peux-tu m'aider avec ça ?,23/5/2024 04:48:55
34444,574642I,077005F,Buona giornata!,Passe une excellente journée !,13/3/2024 14:16:35
52050,270423E,173363F,¡Buenos días!,Bonjour !,3/2/2024 19:35:14
44300,172516F,733003E,Comment s'est passé ton week-end ?,¿Cómo estuvo tu fin de semana?,7/7/2024 18:44:16
14403,425057E,264675F,"Hola, ¿cómo estás?","Bonjour, comment ça va ?",21/8/2024 05:49:20
22122,722216E,100457F,¡Nos vemos mañana!,On se voit demain !,6/2/2024 03:31:19
14014,344257I,243354F,È una bella giornata.,C'est une belle journée.,12/12/2024 00:11:36
34101,430565E,614050F,¡Que tengas un gran día!,Passe une excellente journée !,5/12/2024 13:14:41
32255,113725I,213627F,"Ciao, come stai?","Bonjour, comment ça va ?",29/7/2024 08:29:24
41142,300447I,011634F,Puoi aiutarmi con questo?,Peux-tu m'aider avec ça ?,13/7/2024 10:01:08
52313,015224I,432277F,Che ore sono?,Quelle heure est-il ?,12/4/2024 05:55:31
45323,357342G,674433F,Was machst du heute?,Que fais-tu aujourd'hui ?,20/3/2024 01:46:19
20341,021263E,364761F,¡Que tengas un gran día!,Passe une excellente journée !,6/1/2024 13:12:51
33031,704632E,731033F,¡Que tengas un gran día!,Passe une excellente journée !,28/6/2024 09:33:26
03534,232444I,341344F,Buongiorno!,Bonjour !,19/4/2024 19:30:03
22351,351563E,122741F,"Hola, ¿cómo estás?","Bonjour, comment ça va ?",13/12/2024 13:39:52
13003,470750E,620052F,¡Que tengas un gran día!,Passe une excellente journée !,14/4/2024 12:42:51
32510,657652I,000304F,Ci vediamo domani!,On se voit demain !,21/2/2024 22:29:39
33325,056577I,363525F,Puoi aiutarmi con questo?,Peux-tu m'aider avec ça ?,24/9/2024 05:26:20
35204,213541F,445367E,Bonjour !,¡Buenos días!,5/10/2024 18:49:19
55145,473051F,442742I,Comment s'est passé ton week-end ?,Com'è andato il tuo weekend?,4/3/2024 20:13:21
21031,563621I,303435F,Puoi aiutarmi con questo?,Peux-tu m'aider avec ça ?,1/7/2024 18:46:52
44103,334326G,316525F,Wie war dein Wochenende?,Comment s'est passé ton week-end ?,27/4/2024 20:57:03
43135,716723I,341344F,Com'è andato il tuo weekend?,Comment s'est passé ton week-end ?,16/11/2024 18:46:21
02550,464710I,277617F,È una bella giornata.,C'est une belle journée.,4/8/2024 00:19:35
54024,220154G,414342F,Wie war dein Wochenende?,Comment s'est passé ton week-end ?,4/11/2024 11:43:38
30443,004125E,264770F,Hace un día precioso.,C'est une belle journée.,1/1/2024 13:33:04
55253,542162G,705027F,Hab einen schönen Tag!,Passe une excellente journée !,6/11/2024 15:51:35
32210,652221G,512367F,"Ich hoffe, es geht dir gut.",J'espère que tu vas bien.,30/6/2024 22:51:58
14241,233232I,210522F,Che ore sono?,Quelle heure est-il ?,11/12/2024 20:46:09
12252,213541F,713703I,On se voit demain !,Ci vediamo domani!,29/1/2024 21:57:13
33403,757367I,446536F,Com'è andato il tuo weekend?,Comment s'est passé ton week-end ?,17/4/2024 19:51:59
42120,633376G,571447F,Wie spät ist es?,Quelle heure est-il ?,15/10/2024 20:38:04
24320,133511G,470462F,"Hallo, wie geht's dir?","Bonjour, comment ça va ?",13/1/2024 00:31:33
51403,770051E,422511F,¿Qué haces hoy?,Que fais-tu aujourd'hui ?,19/9/2024 19:59:04
10025,277516I,235142F,Puoi aiutarmi con questo?,Peux-tu m'aider avec ça ?,6/1/2024 14:10:31
24103,332310G,502272F,Wie war dein Wochenende?,Comment s'est passé ton week-end ?,28/10/2024 09:58:21
25552,617254E,002763F,Hace un día precioso.,C'est une belle journée.,5/9/2024 09:01:21
34012,734633E,100457F,¿Qué hora es?,Quelle heure est-il ?,20/1/2024 08:46:59
04040,765154E,755313F,¿Qué hora es?,Quelle heure est-il ?,29/11/2024 02:37:49
25333,563621I,771576F,Buona giornata!,Passe une excellente journée !,11/9/2024 23:16:50
44050,401105G,263477F,Kannst du mir damit helfen?,Peux-tu m'aider avec ça ?,17/3/2024 18:56:32
10244,265010I,316525F,Che ore sono?,Quelle heure est-il ?,16/12/2024 00:54:49
14110,325224F,550733I,Passe une excellente journée !,Buona giornata!,29/5/2024 05:07:44
15453,713627E,371553F,Espero que estés bien.,J'espère que tu vas bien.,12/12/2024 13:45:47
52231,734145I,102760F,"Ciao, come stai?","Bonjour, comment ça va ?",11/10/2024 04:35:24
14502,650765G,213627F,Guten Morgen!,Bonjour !,1/6/2024 03:18:50
50550,373763F,402227E,Quelle heure est-il ?,¿Qué hora es?,20/10/2024 07:24:26
03141,524366F,751007G,Que fais-tu aujourd'hui ?,Was machst du heute?,20/3/2024 19:00:33
13342,056577I,670441F,Puoi aiutarmi con questo?,Peux-tu m'aider avec ça ?,5/7/2024 04:19:57
34032,364007E,164255F,¿Qué hora es?,Quelle heure est-il ?,18/2/2024 07:20:32
12554,531331F,411704I,C'est une belle journée.,È una bella giornata.,9/1/2024 20:42:44
45414,506172G,427140F,"Hallo, wie geht's dir?","Bonjour, comment ça va ?",21/6/2024 19:10:35
13251,011032G,264675F,Was machst du heute?,Que fais-tu aujourd'hui ?,17/4/2024 02:13:12
34133,323350E,210522F,¡Nos vemos mañana!,On se voit demain !,17/6/2024 07:51:54
54404,542114F,141367G,Peux-tu m'aider avec ça ?,Kannst du mir damit helfen?,21/12/2024 01:48:34
22555,114712F,177123E,Quelle heure est-il ?,¿Qué hora es?,26/3/2024 22:42:53
43313,015245E,310223F,¡Nos vemos mañana!,On se voit demain !,5/10/2024 21:52:27
52434,053176E,303576F,Espero que estés bien.,J'espère que tu vas bien.,2/1/2024 11:56:04
04113,672100F,670030I,On se voit demain !,Ci vediamo domani!,17/9/2024 15:51:48
43551,303576F,541620E,C'est une belle journée.,Hace un día precioso.,14/8/2024 18:54:37
13553,415555G,325701F,"Hallo, wie geht's dir?","Bonjour, comment ça va ?",4/9/2024 14:33:49
31212,033437G,116657F,Wie war dein Wochenende?,Comment s'est passé ton week-end ?,3/7/2024 11:41:59
31341,067651I,106450F,Che ore sono?,Quelle heure est-il ?,22/9/2024 22:00:45
34330,456365G,446723F,Was machst du heute?,Que fais-tu aujourd'hui ?,15/12/2024 19:22:54
10143,353261F,716723I,On se voit demain !,Ci vediamo domani!,14/1/2024 03:47:43
03004,376716E,435653F,¿Cómo estuvo tu fin de semana?,Comment s'est passé ton week-end ?,2/11/2024 01:31:31
30221,633644E,000262F,"Hola, ¿cómo estás?","Bonjour, comment ça va ?",15/2/2024 20:13:21
00303,257036G,100457F,Es ist ein schöner Tag.,C'est une belle journée.,22/1/2024 20:46:37
10120,130516F,365350E,Quelle heure est-il ?,¿Qué hora es?,21/12/2024 12:47:25
33420,323731I,731033F,Buona giornata!,Passe une excellente journée !,9/9/2024 22:28:57
40100,712063I,264770F,Spero che tu stia bene.,J'espère que tu vas bien.,25/5/2024 16:46:07
00202,152165G,311260F,"Hallo, wie geht's dir?","Bonjour, comment ça va ?",17/7/2024 06:28:20
03332,070612G,430275F,"Ich hoffe, es geht dir gut.",J'espère que tu vas bien.,11/4/2024 00:58:31
43152,232654I,106507F,Com'è andato il tuo weekend?,Comment s'est passé ton week-end ?,7/5/2024 08:24:17
45533,473051F,652221G,Passe une excellente journée !,Hab einen schönen Tag!,11/4/2024 11:55:17
30350,506554G,154223F,"Hallo, wie geht's dir?","Bonjour, comment ça va ?",20/5/2024 21:28:14
50421,665004G,046204F,Kannst du mir damit helfen?,Peux-tu m'aider avec ça ?,21/8/2024 08:16:53
44530,713627E,201273F,¡Nos vemos mañana!,On se voit demain !,27/10/2024 09:29:51
30153,716014G,160265F,Guten Morgen!,Bonjour !,30/8/2024 11:50:29
34311,762751I,676533F,Spero che tu stia bene.,J'espère que tu vas bien.,2/8/2024 02:26:11
54110,426074E,115343F,"Hola, ¿cómo estás?","Bonjour, comment ça va ?",1/7/2024 12:35:21
01030,100457F,716014G,J'espère que tu vas bien.,"Ich hoffe, es geht dir gut.",21/12/2024 16:32:45
53554,710231E,155727F,¿Cómo estuvo tu fin de semana?,Comment s'est passé ton week-end ?,5/6/2024 22:50:34
11204,137376F,161607G,Bonjour !,Guten Morgen!,28/12/2024 02:18:03
21531,021263E,137376F,¿Qué hora es?,Quelle heure est-il ?,28/7/2024 08:19:02
44405,323731I,417270F,Buona giornata!,Passe une excellente journée !,26/10/2024 16:49:42
04323,130702E,150403F,¡Que tengas un gran día!,Passe une excellente journée !,12/6/2024 10:17:38
24041,004125E,150403F,¡Buenos días!,Bonjour !,8/7/2024 21:46:28
30135,227577F,550367I,C'est une belle journée.,È una bella giornata.,24/4/2024 10:44:40
30010,466116I,620052F,Cosa fai oggi?,Que fais-tu aujourd'hui ?,2/8/2024 10:55:58
30545,611432E,525004F,¿Qué haces hoy?,Que fais-tu aujourd'hui ?,29/9/2024 15:59:02
50535,636443F,745040I,J'espère que tu vas bien.,Spero che tu stia bene.,15/12/2024 19:30:54
22505,534446E,555233F,¿Cómo estuvo tu fin de semana?,Comment s'est passé ton week-end ?,25/11/2024 14:15:23
25404,253744G,614267F,"Hallo, wie geht's dir?","Bonjour, comment ça va ?",5/4/2024 16:03:07
44010,221775G,500261F,Wie spät ist es?,Quelle heure est-il ?,8/7/2024 22:03:08
23334,247165G,733054F,Was machst du heute?,Que fais-tu aujourd'hui ?,22/11/2024 10:56:55
05435,173705G,313044F,Kannst du mir damit helfen?,Peux-tu m'aider avec ça ?,29/5/2024 18:50:51
22233,463777I,755557F,Buona giornata!,Passe une excellente journée !,13/5/2024 23:01:30
22450,466355I,223163F,Buongiorno!,Bonjour !,3/3/2024 22:28:58
25550,167206I,214470F,Puoi aiutarmi con questo?,Peux-tu m'aider avec ça ?,21/9/2024 16:31:47
43425,663115F,023344E,Comment s'est passé ton week-end ?,¿Cómo estuvo tu fin de semana?,10/5/2024 09:24:10
35022,111333F,556610E,Que fais-tu aujourd'hui ?,¿Qué haces hoy?,3/11/2024 16:17:36
45555,203136I,416547F,Che ore sono?,Quelle heure est-il ?,18/2/2024 16:15:02
45234,241314G,503507F,Kannst du mir damit helfen?,Peux-tu m'aider avec ça ?,25/2/2024 17:53:23
04031,542162G,264675F,Es ist ein schöner Tag.,C'est une belle journée.,4/5/2024 01:43:08
53511,115503E,273176F,¿Cómo estuvo tu fin de semana?,Comment s'est passé ton week-end ?,10/1/2024 08:23:06
44415,023344E,242332F,¿Puedes ayudarme con esto?,Peux-tu m'aider avec ça ?,8/6/2024 04:44:47
52513,752507E,303576F,¿Puedes ayudarme con esto?,Peux-tu m'aider avec ça ?,7/3/2024 21:04:28
01110,074313G,017655F,Kannst du mir damit helfen?,Peux-tu m'aider avec ça ?,3/12/2024 03:24:02
55440,761653G,157330F,Es ist ein schöner Tag.,C'est une belle journée.,7/9/2024 06:56:17
45401,243354F,325726E,Passe une excellente journée !,¡Que tengas un gran día!,28/8/2024 18:37:26
11233,511731I,222005F,Puoi aiutarmi con questo?,Peux-tu m'aider avec ça ?,4/5/2024 08:04:39
40530,220737E,154335F,"Hola, ¿cómo estás?","Bonjour, comment ça va ?",6/8/2024 04:36:57
34052,630534F,247165G,"Bonjour, comment ça va ?","Hallo, wie geht's dir?",7/7/2024 23:56:47
24323,442742I,437244F,Buona giornata!,Passe une excellente journée !,11/8/2024 12:04:34
32340,035771I,303576F,Spero che tu stia bene.,J'espère que tu vas bien.,25/7/2024 14:59:11
52150,641616I,446723F,Ci vediamo domani!,On se voit demain !,10/11/2024 13:07:59
00320,323702I,033440F,Buona giornata!,Passe une excellente journée !,4/12/2024 03:19:15
54252,416547F,070720I,J'espère que tu vas bien.,Spero che tu stia bene.,22/1/2024 18:53:21
02402,106452G,543672F,Guten Morgen!,Bonjour !,21/6/2024 21:38:03
32414,233072I,761407F,Puoi aiutarmi con questo?,Peux-tu m'aider avec ça ?,27/1/2024 18:34:52
01131,752507E,212424F,¡Buenos días!,Bonjour !,18/6/2024 02:13:32
22051,021263E,773715F,¡Que tengas un gran día!,Passe une excellente journée !,29/6/2024 08:05:30
54355,057450G,124222F,"Ich hoffe, es geht dir gut.",J'espère que tu vas bien.,17/8/2024 17:34:47
32535,607707E,347234F,¿Qué hora es?,Quelle heure est-il ?,19/2/2024 05:27:05
11350,641366G,574345F,"Ich hoffe, es geht dir gut.",J'espère que tu vas bien.,10/4/2024 02:23:31
30351,070720I,116657F,Buona giornata!,Passe une excellente journée !,11/8/2024 04:43:42
52444,203136I,264675F,Spero che tu stia bene.,J'espère que tu vas bien.,17/8/2024 04:48:18
45415,171123F,415555G,C'est une belle journée.,Es ist ein schöner Tag.,9/1/2024 18:31:11
05331,544372F,171022G,C'est une belle journée.,Es ist ein schöner Tag.,17/1/2024 04:04:27
54023,121436E,635371F,¿Cómo estuvo tu fin de semana?,Comment s'est passé ton week-end ?,7/12/2024 06:20:48
30252,533006G,212424F,Wir sehen uns morgen!,On se voit demain !,27/5/2024 15:29:02
33214,555710E,671254F,¿Qué haces hoy?,Que fais-tu aujourd'hui ?,17/12/2024 17:48:40
04523,630444G,104767F,Wie spät ist es?,Quelle heure est-il ?,10/5/2024 15:58:44
34002,755313F,645673E,Peux-tu m'aider avec ça ?,¿Puedes ayudarme con esto?,1/2/2024 23:00:42
15442,640410I,557503F,Che ore sono?,Quelle heure est-il ?,30/1/2024 07:51:25
51350,113725I,325701F,Buona giornata!,Passe une excellente journée !,14/1/2024 04:23:10
15253,506172G,367305F,Wie war dein Wochenende?,Comment s'est passé ton week-end ?,27/5/2024 04:52:44
00414,417561E,111333F,¿Puedes ayudarme con esto?,Peux-tu m'aider avec ça ?,18/9/2024 15:44:44
25224,233072I,414342F,Puoi aiutarmi con questo?,Peux-tu m'aider avec ça ?,28/8/2024 13:46:57
34050,172522F,726003G,"Bonjour, comment ça va ?","Hallo, wie geht's dir?",1/1/2024 18:24:35
53051,003174F,555325G,Comment s'est passé ton week-end ?,Wie war dein Wochenende?,1/11/2024 04:14:32
00131,343067I,403314F,Buona giornata!,Passe une excellente journée !,21/7/2024 18:25:19
02513,734633E,017655F,¿Qué haces hoy?,Que fais-tu aujourd'hui ?,10/9/2024 13:23:01
41532,001732E,422511F,¿Qué hora es?,Quelle heure est-il ?,12/6/2024 00:24:21
31501,215536G,767575F,"Hallo, wie geht's dir?","Bonjour, comment ça va ?",13/6/2024 01:09:48
25244,247165G,432135F,Kannst du mir damit helfen?,Peux-tu m'aider avec ça ?,17/2/2024 06:15:59
21345,273176F,107220E,Bonjour !,¡Buenos días!,30/6/2024 02:15:32
42303,107100I,542531F,Ci vediamo domani!,On se voit demain !,17/5/2024 23:58:00
22431,733260E,171561F,¡Buenos días!,Bonjour !,10/12/2024 19:11:37
52104,714130E,241005F,¿Puedes ayudarme con esto?,Peux-tu m'aider avec ça ?,18/5/2024 00:11:22
13335,123251E,670502F,Hace un día precioso.,C'est une belle journée.,15/8/2024 13:30:58
15500,107454I,040070F,Puoi aiutarmi con questo?,Peux-tu m'aider avec ça ?,20/8/2024 21:41:41
54525,345141I,001107F,È una bella giornata.,C'est une belle journée.,27/7/2024 09:25:15
20341,063361I,676533F,Ci vediamo domani!,On se voit demain !,25/8/2024 09:36:40
44100,023745E,430275F,¿Cómo estuvo tu fin de semana?,Comment s'est passé ton week-end ?,25/6/2024 10:55:12
41351,347033F,534362I,Peux-tu m'aider avec ça ?,Puoi aiutarmi con questo?,2/11/2024 02:24:20
31315,650323I,114712F,Puoi aiutarmi con questo?,Peux-tu m'aider avec ça ?,18/3/2024 23:12:55
21130,123241E,506653F,Hace un día precioso.,C'est une belle journée.,27/5/2024 02:25:42
03343,654255E,430275F,¡Buenos días!,Bonjour !,5/5/2024 10:41:08
24122,547165G,264675F,"Hallo, wie geht's dir?","Bonjour, comment ça va ?",2/9/2024 09:28:14
20551,246042I,255774F,Puoi aiutarmi con questo?,Peux-tu m'aider avec ça ?,25/8/2024 05:13:33
51240,574642I,576542F,Ci vediamo domani!,On se voit demain !,20/10/2024 13:56:23
33443,323702I,577013F,Ci vediamo domani!,On se voit demain !,15/9/2024 14:22:11
35243,275066I,172522F,È una bella giornata.,C'est une belle journée.,17/1/2024 06:41:26
42154,232444I,525004F,Ci vediamo domani!,On se voit demain !,2/11/2024 13:51:48
22345,233072I,435755F,Spero che tu stia bene.,J'espère que tu vas bien.,14/5/2024 03:37:27
21023,375777G,403314F,Wie war dein Wochenende?,Comment s'est passé ton week-end ?,11/7/2024 13:25:34
23331,232055G,543672F,Guten Morgen!,Bonjour !,2/4/2024 16:41:03
32134,410162G,037107F,Wie spät ist es?,Quelle heure est-il ?,25/10/2024 23:02:46
43342,673040E,636443F,¿Cómo estuvo tu fin de semana?,Comment s'est passé ton week-end ?,27/12/2024 12:51:24
43104,673766E,003352F,¿Cómo estuvo tu fin de semana?,Comment s'est passé ton week-end ?,27/4/2024 06:30:32
54541,563621I,661553F,Com'è andato il tuo weekend?,Comment s'est passé ton week-end ?,15/7/2024 07:08:05
34444,457577F,255322G,C'est une belle journée.,Es ist ein schöner Tag.,25/5/2024 10:25:44
05105,432135F,655671I,On se voit demain !,Ci vediamo domani!,24/7/2024 03:07:39
05142,563040I,212121F,Com'è andato il tuo weekend?,Comment s'est passé ton week-end ?,14/5/2024 16:04:52
15221,254727E,172522F,¡Nos vemos mañana!,On se voit demain !,2/5/2024 12:48:31
23055,316532E,752174F,Espero que estés bien.,J'espère que tu vas bien.,4/5/2024 15:20:31
13552,401343F,755403E,J'espère que tu vas bien.,Espero que estés bien.,19/6/2024 02:52:57
05230,554131G,256373F,"Ich hoffe, es geht dir gut.",J'espère que tu vas bien.,24/6/2024 02:53:48
41432,232444I,316525F,Ci vediamo domani!,On se voit demain !,29/8/2024 03:23:49
54022,101414F,441603I,Bonjour !,Buongiorno!,17/12/2024 20:26:36
35150,573576E,714574F,Espero que estés bien.,J'espère que tu vas bien.,3/12/2024 16:54:23
01001,140327I,767575F,Che ore sono?,Quelle heure est-il ?,12/8/2024 08:16:56
53434,004053E,723502F,¡Que tengas un gran día!,Passe une excellente journée !,20/9/2024 04:20:01
41004,604016F,523463G,On se voit demain !,Wir sehen uns morgen!,19/10/2024 14:35:03
05212,562543F,241545G,Que fais-tu aujourd'hui ?,Was machst du heute?,2/12/2024 09:13:16
35315,173705G,555233F,Wie war dein Wochenende?,Comment s'est passé ton week-end ?,28/4/2024 01:57:12
12005,520351F,127105I,"Bonjour, comment ça va ?","Ciao, come stai?",6/8/2024 07:23:45
14020,031654I,032573F,Spero che tu stia bene.,J'espère que tu vas bien.,17/4/2024 21:12:36
55125,252540I,430331F,"Ciao, come stai?","Bonjour, comment ça va ?",8/3/2024 14:00:46
55033,607071G,714574F,Was machst du heute?,Que fais-tu aujourd'hui ?,5/2/2024 18:57:46
22303,133265I,310223F,Che ore sono?,Quelle heure est-il ?,29/6/2024 01:21:27
50211,102760F,441603I,Peux-tu m'aider avec ça ?,Puoi aiutarmi con questo?,23/1/2024 18:07:07
14202,261764G,155727F,Wie spät ist es?,Quelle heure est-il ?,23/3/2024 21:58:44
21032,641616I,223163F,"Ciao, come stai?","Bonjour, comment ça va ?",22/10/2024 10:11:58
42025,253744G,172522F,"Ich hoffe, es geht dir gut.",J'espère que tu vas bien.,18/9/2024 14:04:43
03240,312201E,337773F,¡Que tengas un gran día!,Passe une excellente journée !,12/5/2024 17:13:37
24503,343067I,712012F,Cosa fai oggi?,Que fais-tu aujourd'hui ?,18/10/2024 14:17:19
40214,755403E,407644F,¿Qué haces hoy?,Que fais-tu aujourd'hui ?,27/3/2024 06:25:02
30244,625504G,176065F,Es ist ein schöner Tag.,C'est une belle journée.,9/3/2024 09:28:02
02051,401105G,430275F,Es ist ein schöner Tag.,C'est une belle journée.,9/7/2024 02:22:29
05321,213627F,636761G,Que fais-tu aujourd'hui ?,Was machst du heute?,16/5/2024 00:07:48
00044,614050F,456215I,"Bonjour, comment ça va ?","Ciao, come stai?",16/3/2024 03:32:07
01112,473761I,625635F,È una bella giornata.,C'est une belle journée.,23/10/2024 22:00:51
12011,277516I,347033F,È una bella giornata.,C'est une belle journée.,25/8/2024 16:26:28
44525,022514E,116441F,¿Cómo estuvo tu fin de semana?,Comment s'est passé ton week-end ?,20/10/2024 23:49:13
43020,172615G,723502F,Was machst du heute?,Que fais-tu aujourd'hui ?,3/11/2024 02:28:19
10243,160265F,130702E,"Bonjour, comment ça va ?","Hola, ¿cómo estás?",17/10/2024 10:07:15
30231,275066I,625713F,Ci vediamo domani!,On se voit demain !,23/12/2024 09:20:16
50043,215536G,311260F,"Hallo, wie geht's dir?","Bonjour, comment ça va ?",11/7/2024 18:17:22
45305,246166I,475556F,Com'è andato il tuo weekend?,Comment s'est passé ton week-end ?,11/9/2024 22:04:29
54224,671254F,612002G,Passe une excellente journée !,Hab einen schönen Tag!,5/10/2024 02:29:08
12551,736625E,241005F,¿Cómo estuvo tu fin de semana?,Comment s'est passé ton week-end ?,8/4/2024 00:57:45
30521,072545G,672100F,"Ich hoffe, es geht dir gut.",J'espère que tu vas bien.,8/9/2024 07:30:31
15410,352132E,214470F,¿Puedes ayudarme con esto?,Peux-tu m'aider avec ça ?,24/1/2024 13:51:06
30151,755313F,300447I,Quelle heure est-il ?,Che ore sono?,30/11/2024 07:16:19
55234,712012F,175071I,Comment s'est passé ton week-end ?,Com'è andato il tuo weekend?,14/2/2024 19:16:01
15344,661771G,430275F,Kannst du mir damit helfen?,Peux-tu m'aider avec ça ?,21/3/2024 09:57:12
21330,726317I,057301F,Puoi aiutarmi con questo?,Peux-tu m'aider avec ça ?,25/2/2024 12:25:53
42122,114712F,530473I,J'espère que tu vas bien.,Spero che tu stia bene.,22/7/2024 13:44:51
45351,441730F,531645G,C'est une belle journée.,Es ist ein schöner Tag.,24/2/2024 21:45:51
31205,402227E,661753F,¿Qué haces hoy?,Que fais-tu aujourd'hui ?,16/5/2024 23:43:40
32245,733054F,013242I,J'espère que tu vas bien.,Spero che tu stia bene.,22/2/2024 03:10:43
53540,141367G,347033F,Es ist ein schöner Tag.,C'est une belle journée.,16/12/2024 20:45:34
53230,153723G,630534F,Guten Morgen!,Bonjour !,16/6/2024 02:57:50
12350,731726E,714574F,¿Qué hora es?,Quelle heure est-il ?,24/2/2024 12:40:04
23350,326651G,212121F,"Ich hoffe, es geht dir gut.",J'espère que tu vas bien.,15/1/2024 04:38:41
10311,223704G,623667F,Es ist ein schöner Tag.,C'est une belle journée.,16/9/2024 23:01:35
21341,676533F,710231E,C'est une belle journée.,Hace un día precioso.,5/10/2024 11:54:54
33252,220737E,154335F,"Hola, ¿cómo estás?","Bonjour, comment ça va ?",5/9/2024 22:57:58
45544,462345G,757034F,"Hallo, wie geht's dir?","Bonjour, comment ça va ?",27/11/2024 12:41:49
40410,663041I,207424F,È una bella giornata.,C'est une belle journée.,19/12/2024 20:58:07
30215,161402F,112655E,Bonjour !,¡Buenos días!,19/2/2024 19:00:06
43501,475556F,247165G,C'est une belle journée.,Es ist ein schöner Tag.,9/8/2024 12:02:03
02023,204563I,000304F,Cosa fai oggi?,Que fais-tu aujourd'hui ?,8/10/2024 19:17:59
34433,403427E,115343F,¿Puedes ayudarme con esto?,Peux-tu m'aider avec ça ?,27/10/2024 08:32:38
02430,175401E,353261F,"Hola, ¿cómo estás?","Bonjour, comment ça va ?",13/1/2024 18:36:43
23321,501076G,310223F,Wie war dein Wochenende?,Comment s'est passé ton week-end ?,12/2/2024 02:58:09
21543,352132E,047400F,¡Nos vemos mañana!,On se voit demain !,21/8/2024 01:47:54
43022,544457G,771576F,Es ist ein schöner Tag.,C'est une belle journée.,2/2/2024 06:38:15
02312,730607E,651244F,¡Buenos días!,Bonjour !,24/3/2024 06:44:14
51134,432053I,525004F,Ci vediamo domani!,On se voit demain !,25/9/2024 07:59:11
44104,107454I,612253F,Cosa fai oggi?,Que fais-tu aujourd'hui ?,19/5/2024 04:43:21
03221,342053G,115343F,"Hallo, wie geht's dir?","Bonjour, comment ça va ?",12/6/2024 01:09:34
41330,502272F,614374G,"Bonjour, comment ça va ?","Hallo, wie geht's dir?",16/12/2024 04:36:54
43512,630444G,242332F,Kannst du mir damit helfen?,Peux-tu m'aider avec ça ?,1/5/2024 18:45:12
25511,372110G,040070F,Hab einen schönen Tag!,Passe une excellente journée !,16/1/2024 23:20:54
15445,115216I,517070F,Buongiorno!,Bonjour !,12/4/2024 19:04:12
40430,167206I,210522F,Spero che tu stia bene.,J'espère que tu vas bien.,16/5/2024 00:38:21
54522,331226F,405661I,Bonjour !,Buongiorno!,5/9/2024 01:07:41
03041,232455G,636443F,Was machst du heute?,Que fais-tu aujourd'hui ?,12/5/2024 20:57:51
54314,410162G,756626F,Wie war dein Wochenende?,Comment s'est passé ton week-end ?,5/5/2024 17:37:33
24041,641460G,076206F,Guten Morgen!,Bonjour !,20/7/2024 15:04:16
01025,374736F,260543E,J'espère que tu vas bien.,Espero que estés bien.,10/12/2024 01:44:19
15305,540703G,612777F,Kannst du mir damit helfen?,Peux-tu m'aider avec ça ?,16/2/2024 18:09:29
53030,013242I,077005F,Buona giornata!,Passe une excellente journée !,3/12/2024 03:13:52
33053,561655I,241005F,Cosa fai oggi?,Que fais-tu aujourd'hui ?,8/8/2024 16:05:18
30533,021263E,310407F,¿Cómo estuvo tu fin de semana?,Comment s'est passé ton week-end ?,17/11/2024 11:38:09
05322,222115E,530066F,Hace un día precioso.,C'est une belle journée.,27/2/2024 19:15:22
50550,136076F,107657E,Bonjour !,¡Buenos días!,10/1/2024 13:38:37
04442,121436E,534544F,¡Que tengas un gran día!,Passe une excellente journée !,10/1/2024 12:36:31
05315,305530E,513714F,Hace un día precioso.,C'est une belle journée.,29/11/2024 22:48:52
43155,142742I,404653F,Ci vediamo domani!,On se voit demain !,1/10/2024 18:20:25
24425,043545F,642036G,Que fais-tu aujourd'hui ?,Was machst du heute?,17/10/2024 12:08:35
35053,312201E,331226F,¡Nos vemos mañana!,On se voit demain !,23/7/2024 21:36:45
45530,510202F,163725I,Quelle heure est-il ?,Che ore sono?,13/7/2024 16:07:58
42251,640167G,441730F,Was machst du heute?,Que fais-tu aujourd'hui ?,28/10/2024 04:13:15
25205,464710I,227577F,Spero che tu stia bene.,J'espère que tu vas bien.,4/2/2024 01:27:53
23452,110751G,223163F,Hab einen schönen Tag!,Passe une excellente journée !,30/8/2024 04:51:24
53243,430565E,322662F,¿Puedes ayudarme con esto?,Peux-tu m'aider avec ça ?,16/9/2024 15:59:18
11153,665021E,502272F,"Hola, ¿cómo estás?","Bonjour, comment ça va ?",24/9/2024 04:37:30
33534,214470F,671005E,Quelle heure est-il ?,¿Qué hora es?,17/3/2024 13:09:37
55255,555233F,631270G,Peux-tu m'aider avec ça ?,Kannst du mir damit helfen?,26/1/2024 19:47:08
14524,023344E,723715F,¿Qué hora es?,Quelle heure est-il ?,26/5/2024 15:18:56
11011,270260E,626757F,"Hola, ¿cómo estás?","Bonjour, comment ça va ?",3/4/2024 03:18:38
41514,223624G,435755F,Guten Morgen!,Bonjour !,20/4/2024 10:29:07
34055,545146E,172522F,¡Buenos días!,Bonjour !,26/1/2024 22:33:19
24011,675726G,115661F,"Hallo, wie geht's dir?","Bonjour, comment ça va ?",5/1/2024 11:19:15
10553,167412G,723502F,Kannst du mir damit helfen?,Peux-tu m'aider avec ça ?,20/12/2024 11:12:52
13111,554002G,557121F,Was machst du heute?,Que fais-tu aujourd'hui ?,13/6/2024 03:59:13
25450,337773F,760407E,Bonjour !,¡Buenos días!,16/10/2024 15:53:04
12253,561655I,150403F,Ci vediamo domani!,On se voit demain !,14/7/2024 09:54:13
35525,417125I,670502F,"Ciao, come stai?","Bonjour, comment ça va ?",24/10/2024 07:36:24
34244,576742I,663115F,Ci vediamo domani!,On se voit demain !,22/2/2024 03:52:57
31420,264675F,635472E,Que fais-tu aujourd'hui ?,¿Qué haces hoy?,17/3/2024 08:04:00
33155,611432E,471505F,¡Que tengas un gran día!,Passe une excellente journée !,28/11/2024 15:40:26
21555,541620E,104767F,¿Puedes ayudarme con esto?,Peux-tu m'aider avec ça ?,25/3/2024 13:30:41
35355,352346I,670502F,Buona giornata!,Passe une excellente journée !,6/4/2024 20:25:04
04112,024376E,475556F,¿Qué hora es?,Quelle heure est-il ?,11/3/2024 19:24:18
13423,113236F,146256E,J'espère que tu vas bien.,Espero que estés bien.,27/9/2024 03:49:46
33004,177123E,126760F,"Hola, ¿cómo estás?","Bonjour, comment ça va ?",9/8/2024 11:15:55
51132,635337E,322662F,¡Que tengas un gran día!,Passe une excellente journée !,1/2/2024 08:55:39
54131,462271I,104767F,È una bella giornata.,C'est une belle journée.,11/2/2024 06:35:47
33131,237602I,471505F,Buongiorno!,Bonjour !,14/11/2024 07:14:57
32200,772631E,555233F,¿Puedes ayudarme con esto?,Peux-tu m'aider avec ça ?,23/7/2024 13:19:23
20154,403230G,210522F,Wie war dein Wochenende?,Comment s'est passé ton week-end ?,1/4/2024 03:47:13
11533,130702E,625635F,¿Puedes ayudarme con esto?,Peux-tu m'aider avec ça ?,25/7/2024 03:55:03
33440,212424F,472717I,Comment s'est passé ton week-end ?,Com'è andato il tuo weekend?,15/8/2024 05:54:03
31113,463777I,331226F,Cosa fai oggi?,Que fais-tu aujourd'hui ?,30/9/2024 03:35:40
24050,033437G,512367F,Es ist ein schöner Tag.,C'est une belle journée.,7/2/2024 15:18:43
14515,213064E,077005F,¡Que tengas un gran día!,Passe une excellente journée !,25/10/2024 10:15:50
32140,210522F,323702I,Comment s'est passé ton week-end ?,Com'è andato il tuo weekend?,12/9/2024 01:10:30
45203,276364G,517070F,Wie spät ist es?,Quelle heure est-il ?,13/10/2024 13:07:39
32245,031250I,706220F,Che ore sono?,Quelle heure est-il ?,5/11/2024 04:54:05
03022,444420I,000304F,Com'è andato il tuo weekend?,Comment s'est passé ton week-end ?,22/8/2024 06:29:09
02214,273176F,161607G,On se voit demain !,Wir sehen uns morgen!,27/6/2024 06:23:24
03520,246042I,114712F,Ci vediamo domani!,On se voit demain !,21/2/2024 10:40:57
55003,717421E,137564F,Espero que estés bien.,J'espère que tu vas bien.,11/7/2024 01:36:16
42455,733003E,612777F,¡Buenos días!,Bonjour !,23/2/2024 06:26:19
00000,600144I,212121F,Cosa fai oggi?,Que fais-tu aujourd'hui ?,6/9/2024 17:46:44
20231,564326G,764317F,Hab einen schönen Tag!,Passe une excellente journée !,22/9/2024 18:54:37
23015,633644E,154335F,Hace un día precioso.,C'est une belle journée.,11/5/2024 05:09:14
40535,734744E,535632F,Espero que estés bien.,J'espère que tu vas bien.,11/1/2024 21:40:21
02420,600144I,462276F,Buongiorno!,Bonjour !,6/6/2024 21:07:12
03532,464710I,714574F,Puoi aiutarmi con questo?,Peux-tu m'aider avec ça ?,21/11/2024 18:04:27
22033,715630E,574345F,¡Nos vemos mañana!,On se voit demain !,25/2/2024 08:03:17
31113,551161G,733140F,Wie war dein Wochenende?,Comment s'est passé ton week-end ?,11/6/2024 14:46:30
05442,331731G,362166F,Was machst du heute?,Que fais-tu aujourd'hui ?,18/9/2024 10:59:53
14430,562066E,663115F,¿Cómo estuvo tu fin de semana?,Comment s'est passé ton week-end ?,27/7/2024 00:41:13
01334,172615G,176214F,Wie spät ist es?,Quelle heure est-il ?,24/1/2024 08:19:20
52225,345141I,210522F,Cosa fai oggi?,Que fais-tu aujourd'hui ?,2/11/2024 06:16:22
10151,737216G,115343F,Guten Morgen!,Bonjour !,3/1/2024 05:50:58
05225,373763F,312201E,"Bonjour, comment ça va ?","Hola, ¿cómo estás?",2/12/2024 02:01:31
50353,256373F,265074G,C'est une belle journée.,Es ist ein schöner Tag.,3/5/2024 22:15:07
11534,323702I,115343F,"Ciao, come stai?","Bonjour, comment ça va ?",30/11/2024 23:11:53
21325,505627I,071061F,Cosa fai oggi?,Que fais-tu aujourd'hui ?,2/3/2024 07:11:43
30515,715630E,006122F,¿Puedes ayudarme con esto?,Peux-tu m'aider avec ça ?,8/11/2024 21:40:24
25325,726003G,006122F,Hab einen schönen Tag!,Passe une excellente journée !,18/6/2024 07:49:52
34222,206632G,761407F,Wie spät ist es?,Quelle heure est-il ?,26/2/2024 22:01:48
04043,114711I,227577F,Buongiorno!,Bonjour !,22/1/2024 06:51:05
24255,000262F,342053G,J'espère que tu vas bien.,"Ich hoffe, es geht dir gut.",13/2/2024 10:53:32
15234,754776I,353261F,Buongiorno!,Bonjour !,10/5/2024 06:48:56
22043,745175I,136076F,Che ore sono?,Quelle heure est-il ?,9/1/2024 13:07:22
24551,712660G,273176F,Wie spät ist es?,Quelle heure est-il ?,12/7/2024 20:09:03
44525,077463I,744150F,È una bella giornata.,C'est une belle journée.,26/8/2024 18:28:15
54240,252540I,764317F,Buongiorno!,Bonjour !,22/4/2024 16:39:26
31301,023745E,310407F,¡Que tengas un gran día!,Passe une excellente journée !,23/2/2024 06:37:15
14450,351274F,521444G,Que fais-tu aujourd'hui ?,Was machst du heute?,14/4/2024 21:11:33
52445,320336I,263477F,Puoi aiutarmi con questo?,Peux-tu m'aider avec ça ?,16/2/2024 01:34:48
55105,715630E,253236F,¡Nos vemos mañana!,On se voit demain !,6/5/2024 20:02:49
02205,274650G,404653F,Hab einen schönen Tag!,Passe une excellente journée !,18/12/2024 18:32:24
22240,250535I,001107F,Ci vediamo domani!,On se voit demain !,8/3/2024 10:33:28
53500,641616I,320056F,Buona giornata!,Passe une excellente journée !,12/9/2024 07:02:22
51531,057450G,163451F,Wir sehen uns morgen!,On se voit demain !,10/7/2024 17:49:59
34000,516662E,574345F,Espero que estés bien.,J'espère que tu vas bien.,5/10/2024 19:45:46
45110,367266I,241736F,È una bella giornata.,C'est une belle journée.,3/11/2024 08:55:04
05551,017157G,553062F,Guten Morgen!,Bonjour !,22/10/2024 04:45:22
30120,640167G,520351F,"Ich hoffe, es geht dir gut.",J'espère que tu vas bien.,15/2/2024 03:46:24
50454,673040E,437244F,Espero que estés bien.,J'espère que tu vas bien.,3/9/2024 13:04:21
54131,051652E,524366F,¡Nos vemos mañana!,On se voit demain !,30/5/2024 03:43:16
50402,145405F,763110E,Bonjour !,¡Buenos días!,29/4/2024 21:58:17
00142,461540I,550640F,Spero che tu stia bene.,J'espère que tu vas bien.,13/12/2024 08:19:11
24524,556610E,241736F,¿Cómo estuvo tu fin de semana?,Comment s'est passé ton week-end ?,22/6/2024 07:46:32
40431,604537I,303576F,Buona giornata!,Passe une excellente journée !,12/5/2024 07:28:56
30352,241231E,174251F,¡Que tengas un gran día!,Passe une excellente journée !,14/9/2024 17:09:05
34111,407644F,770051E,Que fais-tu aujourd'hui ?,¿Qué haces hoy?,22/1/2024 14:50:36
00242,334773E,106450F,¿Puedes ayudarme con esto?,Peux-tu m'aider avec ça ?,14/5/2024 07:46:36
12113,706220F,167562I,"Bonjour, comment ça va ?","Ciao, come stai?",24/10/2024 18:31:35
34105,055107E,171561F,¿Cómo estuvo tu fin de semana?,Comment s'est passé ton week-end ?,15/12/2024 06:41:58
34143,201142I,051043F,Buona giornata!,Passe une excellente journée !,1/8/2024 08:45:42
20315,470462F,544457G,Comment s'est passé ton week-end ?,Wie war dein Wochenende?,22/5/2024 10:46:01
22152,255300I,376565F,Che ore sono?,Quelle heure est-il ?,14/1/2024 16:54:10
45452,123251E,116441F,¡Que tengas un gran día!,Passe une excellente journée !,21/11/2024 19:04:57
10433,305374I,376565F,Com'è andato il tuo weekend?,Comment s'est passé ton week-end ?,22/1/2024 12:04:13
10422,065033G,264675F,Guten Morgen!,Bonjour !,1/9/2024 10:02:40
44442,315143E,124222F,"Hola, ¿cómo estás?","Bonjour, comment ça va ?",3/2/2024 20:17:14
30033,544457G,106507F,Wie spät ist es?,Quelle heure est-il ?,4/9/2024 20:42:00
44355,661753F,540262E,J'espère que tu vas bien.,Espero que estés bien.,28/1/2024 04:12:27
30033,425057E,106450F,¿Cómo estuvo tu fin de semana?,Comment s'est passé ton week-end ?,2/6/2024 02:24:24
44121,204563I,017565F,Buona giornata!,Passe une excellente journée !,14/12/2024 14:16:52
32045,146110E,207424F,¡Nos vemos mañana!,On se voit demain !,18/6/2024 23:11:07
02441,577013F,172071E,Comment s'est passé ton week-end ?,¿Cómo estuvo tu fin de semana?,6/5/2024 09:55:07
44141,207467I,172522F,Spero che tu stia bene.,J'espère que tu vas bien.,5/10/2024 20:59:21
13221,070720I,311260F,Buongiorno!,Bonjour !,14/8/2024 21:14:50
13150,154405G,517021F,Wir sehen uns morgen!,On se voit demain !,8/4/2024 07:51:55
04151,024124I,450070F,Spero che tu stia bene.,J'espère que tu vas bien.,8/5/2024 05:29:02
33334,660007E,171123F,Hace un día precioso.,C'est une belle journée.,12/8/2024 14:41:22
11041,227755G,363525F,Guten Morgen!,Bonjour !,11/10/2024 19:02:08
44212,121436E,542531F,¿Qué hora es?,Quelle heure est-il ?,28/2/2024 18:22:58
30313,342234E,755557F,¡Nos vemos mañana!,On se voit demain !,30/9/2024 15:18:11
52534,422754G,432135F,Guten Morgen!,Bonjour !,13/12/2024 08:17:48
14503,352346I,210522F,Buona giornata!,Passe une excellente journée !,25/5/2024 03:55:50
55424,441305E,263477F,¿Cómo estuvo tu fin de semana?,Comment s'est passé ton week-end ?,29/1/2024 17:03:53
45332,316525F,367266I,Quelle heure est-il ?,Che ore sono?,17/12/2024 22:52:31
10335,272467E,545672F,¿Puedes ayudarme con esto?,Peux-tu m'aider avec ça ?,4/11/2024 16:05:04
22325,126760F,764551E,Bonjour !,¡Buenos días!,16/10/2024 15:37:42
40311,633376G,455523F,Was machst du heute?,Que fais-tu aujourd'hui ?,6/5/2024 10:38:33
50304,225744E,731033F,"Hola, ¿cómo estás?","Bonjour, comment ça va ?",18/2/2024 05:35:45
30454,104101G,303435F,Es ist ein schöner Tag.,C'est une belle journée.,24/12/2024 16:33:23
45150,561655I,712012F,Com'è andato il tuo weekend?,Comment s'est passé ton week-end ?,20/5/2024 19:44:34
50505,044426E,462276F,¡Nos vemos mañana!,On se voit demain !,24/8/2024 03:28:59
50142,717421E,304557F,"Hola, ¿cómo estás?","Bonjour, comment ça va ?",20/12/2024 20:53:29
13205,600522E,446536F,¡Que tengas un gran día!,Passe une excellente journée !,29/2/2024 19:47:39
54545,512367F,550367I,On se voit demain !,Ci vediamo domani!,26/8/2024 20:37:34
50152,354431I,163451F,Puoi aiutarmi con questo?,Peux-tu m'aider avec ça ?,15/4/2024 22:16:53
44530,411704I,556774F,Buona giornata!,Passe une excellente journée !,2/2/2024 00:11:14
25440,766723G,154223F,Was machst du heute?,Que fais-tu aujourd'hui ?,21/2/2024 13:19:55
40143,332255G,663115F,Es ist ein schöner Tag.,C'est une belle journée.,24/12/2024 17:53:44
20414,707452E,542531F,"Hola, ¿cómo estás?","Bonjour, comment ça va ?",20/3/2024 05:55:50
04113,055643F,630444G,C'est une belle journée.,Es ist ein schöner Tag.,6/8/2024 16:45:58
24340,417561E,733054F,Espero que estés bien.,J'espère que tu vas bien.,7/9/2024 22:23:08
22004,661753F,361646G,"Bonjour, comment ça va ?","Hallo, wie geht's dir?",25/12/2024 20:08:03
02243,555317I,207424F,Spero che tu stia bene.,J'espère que tu vas bien.,11/6/2024 23:46:46
23250,752567E,376565F,Hace un día precioso.,C'est une belle journée.,10/7/2024 22:59:20
00005,612002G,102332F,Guten Morgen!,Bonjour !,28/8/2024 10:22:15
24023,652221G,452342F,"Hallo, wie geht's dir?","Bonjour, comment ça va ?",21/12/2024 05:20:28
55353,606175E,160265F,¡Nos vemos mañana!,On se voit demain !,13/1/2024 09:03:04
51505,510726E,331612F,¡Buenos días!,Bonjour !,15/8/2024 02:12:16
55435,157302E,733140F,¿Qué haces hoy?,Que fais-tu aujourd'hui ?,21/11/2024 14:56:55
00011,264003E,446723F,Espero que estés bien.,J'espère que tu vas bien.,6/9/2024 06:26:15
25352,712660G,626757F,Guten Morgen!,Bonjour !,1/1/2024 15:27:54
41501,501064G,376565F,Hab einen schönen Tag!,Passe une excellente journée !,29/12/2024 11:31:57
01314,422511F,600522E,Comment s'est passé ton week-end ?,¿Cómo estuvo tu fin de semana?,7/4/2024 18:59:23
40502,343067I,144711F,Buongiorno!,Bonjour !,6/9/2024 13:18:37
22553,154405G,043545F,Wir sehen uns morgen!,On se voit demain !,2/10/2024 00:54:32
30245,153371G,273176F,Es ist ein schöner Tag.,C'est une belle journée.,6/1/2024 22:52:50
15434,426074E,163451F,¿Puedes ayudarme con esto?,Peux-tu m'aider avec ça ?,21/6/2024 02:29:45
24111,120274G,752174F,"Ich hoffe, es geht dir gut.",J'espère que tu vas bien.,11/6/2024 18:27:10
53255,272522G,732172F,Was machst du heute?,Que fais-tu aujourd'hui ?,9/11/2024 01:40:50
54002,316532E,475556F,"Hola, ¿cómo estás?","Bonjour, comment ça va ?",30/3/2024 14:10:33
02311,342053G,706220F,"Hallo, wie geht's dir?","Bonjour, comment ça va ?",2/4/2024 08:05:58
01413,246166I,311260F,È una bella giornata.,C'est une belle journée.,10/10/2024 06:16:56
11314,750174E,635745F,¿Qué hora es?,Quelle heure est-il ?,1/4/2024 15:22:54
42103,752567E,620052F,Espero que estés bien.,J'espère que tu vas bien.,22/10/2024 03:20:02
13530,373763F,636761G,Que fais-tu aujourd'hui ?,Was machst du heute?,15/12/2024 21:58:23
42353,725515E,065134F,¿Puedes ayudarme con esto?,Peux-tu m'aider avec ça ?,6/3/2024 00:53:43
35203,706220F,064167E,Peux-tu m'aider avec ça ?,¿Puedes ayudarme con esto?,20/3/2024 11:22:40
21440,333401I,040070F,Puoi aiutarmi con questo?,Peux-tu m'aider avec ça ?,12/12/2024 19:18:10
30054,114510E,154223F,Espero que estés bien.,J'espère que tu vas bien.,30/11/2024 09:13:59
24450,203136I,744150F,È una bella giornata.,C'est une belle journée.,23/11/2024 04:25:22
05031,545276E,512367F,"Hola, ¿cómo estás?","Bonjour, comment ça va ?",8/4/2024 16:55:40
42225,405661I,545672F,Com'è andato il tuo weekend?,Comment s'est passé ton week-end ?,2/1/2024 15:52:15
44104,752567E,670441F,Espero que estés bien.,J'espère que tu vas bien.,17/11/2024 00:07:11
15550,535311I,243354F,Buona giornata!,Passe une excellente journée !,1/5/2024 21:29:12
03112,024040G,161402F,"Hallo, wie geht's dir?","Bonjour, comment ça va ?",20/5/2024 01:40:19
22534,227577F,734744E,Que fais-tu aujourd'hui ?,¿Qué haces hoy?,23/7/2024 17:32:15
33512,155727F,700731G,"Bonjour, comment ça va ?","Hallo, wie geht's dir?",21/6/2024 16:10:54
01521,621172G,530066F,Hab einen schönen Tag!,Passe une excellente journée !,11/1/2024 08:25:17
13443,335545G,033440F,Hab einen schönen Tag!,Passe une excellente journée !,1/8/2024 18:41:18
01345,327633G,771576F,"Hallo, wie geht's dir?","Bonjour, comment ça va ?",11/5/2024 23:57:02
04235,233232I,100457F,Puoi aiutarmi con questo?,Peux-tu m'aider avec ça ?,18/3/2024 18:36:13
14042,451041G,612777F,Kannst du mir damit helfen?,Peux-tu m'aider avec ça ?,18/10/2024 11:38:46
01500,343067I,374736F,Buona giornata!,Passe une excellente journée !,14/12/2024 08:25:53
42013,024376E,176065F,¿Cómo estuvo tu fin de semana?,Comment s'est passé ton week-end ?,6/6/2024 23:24:03
00143,351563E,407644F,¡Buenos días!,Bonjour !,30/12/2024 11:47:41
44301,152165G,137067F,Kannst du mir damit helfen?,Peux-tu m'aider avec ça ?,29/10/2024 11:11:18
13234,317701E,137376F,¿Qué haces hoy?,Que fais-tu aujourd'hui ?,9/8/2024 00:46:17
12501,557311G,432135F,Guten Morgen!,Bonjour !,10/3/2024 15:34:12
12440,650772I,744150F,È una bella giornata.,C'est une belle journée.,17/7/2024 08:35:16
31001,456577E,635745F,Hace un día precioso.,C'est une belle journée.,26/11/2024 15:48:25
41310,456577E,241005F,¡Que tengas un gran día!,Passe une excellente journée !,30/5/2024 10:30:34
14052,605663G,503265F,Kannst du mir damit helfen?,Peux-tu m'aider avec ça ?,10/7/2024 16:30:01
41103,270423E,337773F,¿Puedes ayudarme con esto?,Peux-tu m'aider avec ça ?,5/7/2024 13:04:08
15233,663041I,057301F,Buongiorno!,Bonjour !,2/4/2024 15:11:31
54203,714305E,763536F,"Hola, ¿cómo estás?","Bonjour, comment ça va ?",11/2/2024 02:18:42
45203,053176E,663115F,"Hola, ¿cómo estás?","Bonjour, comment ça va ?",21/11/2024 13:15:13
34415,670502F,044426E,Comment s'est passé ton week-end ?,¿Cómo estuvo tu fin de semana?,21/8/2024 12:18:43
30004,021716E,576075F,¿Qué hora es?,Quelle heure est-il ?,14/12/2024 15:09:02
35511,510202F,371070G,Que fais-tu aujourd'hui ?,Was machst du heute?,24/3/2024 13:39:21
45142,544425G,173363F,Guten Morgen!,Bonjour !,1/9/2024 19:59:05
41155,660007E,542114F,¡Buenos días!,Bonjour !,16/3/2024 12:12:51
41034,473440I,171123F,Puoi aiutarmi con questo?,Peux-tu m'aider avec ça ?,14/9/2024 19:05:34
13520,607071G,663255F,Guten Morgen!,Bonjour !,16/5/2024 01:17:44
51110,553745I,404653F,Buongiorno!,Bonjour !,19/2/2024 09:40:08
10025,545276E,756626F,Espero que estés bien.,J'espère que tu vas bien.,12/10/2024 03:29:43
34154,421746I,543672F,"Ciao, come stai?","Bonjour, comment ça va ?",19/11/2024 11:54:45
44210,571447F,317701E,J'espère que tu vas bien.,Espero que estés bien.,2/8/2024 08:38:49
01115,565523E,441730F,¿Cómo estuvo tu fin de semana?,Comment s'est passé ton week-end ?,12/12/2024 18:47:45
32310,612160E,154223F,"Hola, ¿cómo estás?","Bonjour, comment ça va ?",8/1/2024 01:18:36
00544,176214F,374153E,J'espère que tu vas bien.,Espero que estés bien.,2/4/2024 13:59:08
03540,115343F,635620E,Que fais-tu aujourd'hui ?,¿Qué haces hoy?,5/5/2024 09:41:12
20112,530473I,212121F,Cosa fai oggi?,Que fais-tu aujourd'hui ?,28/8/2024 10:53:09
04514,461410E,243354F,¿Qué hora es?,Quelle heure est-il ?,22/6/2024 20:00:45
43223,153371G,076206F,Guten Morgen!,Bonjour !,1/1/2024 15:00:23
53332,362166F,631270G,Comment s'est passé ton week-end ?,Wie war dein Wochenende?,3/12/2024 09:54:03
04103,276364G,157330F,Guten Morgen!,Bonjour !,3/1/2024 16:49:48
44233,015224I,065134F,Buona giornata!,Passe une excellente journée !,15/8/2024 11:36:47
10041,641460G,462276F,"Ich hoffe, es geht dir gut.",J'espère que tu vas bien.,6/5/2024 20:47:09
32432,074477E,163451F,¿Cómo estuvo tu fin de semana?,Comment s'est passé ton week-end ?,11/2/2024 17:11:45
24112,205103G,635371F,Wie spät ist es?,Quelle heure est-il ?,28/2/2024 07:35:42
31014,565523E,174251F,Hace un día precioso.,C'est une belle journée.,5/9/2024 03:10:19
11404,401343F,205307G,Peux-tu m'aider avec ça ?,Kannst du mir damit helfen?,26/4/2024 10:23:03
42240,503507F,440231G,Que fais-tu aujourd'hui ?,Was machst du heute?,21/3/2024 22:52:44
20310,472717I,503507F,Ci vediamo domani!,On se voit demain !,3/9/2024 02:55:18
02045,212424F,270260E,Passe une excellente journée !,¡Que tengas un gran día!,27/2/2024 01:29:45
55315,670441F,120243G,Passe une excellente journée !,Hab einen schönen Tag!,11/9/2024 20:27:27
53054,232654I,213627F,Puoi aiutarmi con questo?,Peux-tu m'aider avec ça ?,7/10/2024 20:05:51
00321,043054I,411136F,Ci vediamo domani!,On se voit demain !,4/2/2024 19:19:51
20015,242325G,172522F,Wir sehen uns morgen!,On se voit demain !,6/5/2024 04:51:42
35102,534100I,255774F,È una bella giornata.,C'est une belle journée.,23/12/2024 14:30:05
02455,053476G,452342F,Wir sehen uns morgen!,On se voit demain !,24/3/2024 09:39:58
50125,137067F,203136I,Bonjour !,Buongiorno!,29/8/2024 17:51:37
32215,456577E,601506F,¡Nos vemos mañana!,On se voit demain !,14/7/2024 14:19:19
02554,077005F,554002G,"Bonjour, comment ça va ?","Hallo, wie geht's dir?",13/1/2024 06:34:18
40413,577013F,652415E,On se voit demain !,¡Nos vemos mañana!,22/10/2024 23:30:08
32454,104767F,617254E,Peux-tu m'aider avec ça ?,¿Puedes ayudarme con esto?,14/6/2024 15:09:07
24555,005325G,051227F,Hab einen schönen Tag!,Passe une excellente journée !,9/12/2024 12:27:10
21213,753711E,414342F,Hace un día precioso.,C'est une belle journée.,19/11/2024 17:49:29
05310,672100F,456365G,Peux-tu m'aider avec ça ?,Kannst du mir damit helfen?,17/3/2024 03:17:57
32035,330646F,022514E,Peux-tu m'aider avec ça ?,¿Puedes ayudarme con esto?,4/4/2024 17:37:23
00531,022553I,604016F,Com'è andato il tuo weekend?,Comment s'est passé ton week-end ?,5/6/2024 08:05:49
04400,710231E,011634F,¡Nos vemos mañana!,On se voit demain !,1/11/2024 22:26:51
32032,133670E,636443F,¿Qué hora es?,Quelle heure est-il ?,16/8/2024 12:47:37
24441,053176E,672605F,¡Que tengas un gran día!,Passe une excellente journée !,3/10/2024 06:55:33
51322,551157G,207424F,Guten Morgen!,Bonjour !,19/10/2024 05:19:49
11233,255774F,404152G,Quelle heure est-il ?,Wie spät ist es?,4/9/2024 14:25:28
05533,773715F,650323I,C'est une belle journée.,È una bella giornata.,4/3/2024 16:19:07
32253,450070F,361646G,Bonjour !,Guten Morgen!,15/5/2024 17:59:06
20512,207437I,124222F,Ci vediamo domani!,On se voit demain !,7/8/2024 06:19:47
20315,676533F,005325G,C'est une belle journée.,Es ist ein schöner Tag.,9/1/2024 17:47:55
13403,233072I,535632F,Com'è andato il tuo weekend?,Comment s'est passé ton week-end ?,19/12/2024 09:54:13
04224,121007E,446536F,¿Qué haces hoy?,Que fais-tu aujourd'hui ?,8/10/2024 22:18:40
50100,173167E,432277F,¿Cómo estuvo tu fin de semana?,Comment s'est passé ton week-end ?,8/9/2024 16:27:51
51140,347234F,550367I,Peux-tu m'aider avec ça ?,Puoi aiutarmi con questo?,17/9/2024 19:25:51
15233,662144I,114712F,Che ore sono?,Quelle heure est-il ?,17/10/2024 21:44:11
24200,056577I,517070F,Buona giornata!,Passe une excellente journée !,21/7/2024 03:57:08
23035,351716G,773715F,"Hallo, wie geht's dir?","Bonjour, comment ça va ?",9/4/2024 22:58:58
05030,713335G,733140F,Hab einen schönen Tag!,Passe une excellente journée !,24/10/2024 10:28:42
53333,671005E,102760F,¿Puedes ayudarme con esto?,Peux-tu m'aider avec ça ?,23/6/2024 23:16:25
34121,075601G,353261F,Wir sehen uns morgen!,On se voit demain !,2/7/2024 00:35:55
11024,152331G,137564F,Wir sehen uns morgen!,On se voit demain !,14/12/2024 17:32:45
31330,735634I,635745F,Spero che tu stia bene.,J'espère que tu vas bien.,29/9/2024 00:08:20
34553,635371F,223465E,Bonjour !,¡Buenos días!,26/7/2024 05:09:07
15050,176065F,645260I,"Bonjour, comment ça va ?","Ciao, come stai?",28/8/2024 11:25:14
24524,744150F,010352I,Que fais-tu aujourd'hui ?,Cosa fai oggi?,19/4/2024 15:50:09
01131,113725I,455523F,Buongiorno!,Bonjour !,26/10/2024 02:51:39
21012,204551G,542114F,"Hallo, wie geht's dir?","Bonjour, comment ça va ?",18/3/2024 14:09:53
41551,654255E,635371F,¿Cómo estuvo tu fin de semana?,Comment s'est passé ton week-end ?,13/8/2024 23:04:49
02013,045414G,771576F,Wir sehen uns morgen!,On se voit demain !,21/3/2024 21:31:19
40352,752507E,517070F,¿Cómo estuvo tu fin de semana?,Comment s'est passé ton week-end ?,8/7/2024 21:37:29
42324,651702G,517021F,"Hallo, wie geht's dir?","Bonjour, comment ça va ?",15/6/2024 21:53:24
42054,042227E,364461F,¿Qué haces hoy?,Que fais-tu aujourd'hui ?,25/3/2024 23:52:48
00323,402227E,144711F,Espero que estés bien.,J'espère que tu vas bien.,11/5/2024 17:30:09
14031,375060I,242222F,Buongiorno!,Bonjour !,1/3/2024 02:12:23
21342,115661F,465314G,Comment s'est passé ton week-end ?,Wie war dein Wochenende?,4/8/2024 00:03:46
25540,310122E,241005F,¿Puedes ayudarme con esto?,Peux-tu m'aider avec ça ?,12/9/2024 19:56:14
13403,636761G,635371F,Kannst du mir damit helfen?,Peux-tu m'aider avec ça ?,21/11/2024 20:07:11
15415,651702G,254176F,Wie war dein Wochenende?,Comment s'est passé ton week-end ?,29/10/2024 14:24:44
40534,002763F,660066G,Comment s'est passé ton week-end ?,Wie war dein Wochenende?,27/12/2024 20:26:40
14224,553416G,441730F,Wie war dein Wochenende?,Comment s'est passé ton week-end ?,23/3/2024 13:32:51
25250,735634I,017565F,Buongiorno!,Bonjour !,8/7/2024 02:59:35
12402,465314G,221655F,Wie spät ist es?,Quelle heure est-il ?,28/1/2024 03:48:01
23435,673040E,455523F,¡Que tengas un gran día!,Passe une excellente journée !,16/6/2024 15:31:03
53350,211454I,557503F,"Ciao, come stai?","Bonjour, comment ça va ?",20/8/2024 19:59:25
14445,233232I,723715F,Cosa fai oggi?,Que fais-tu aujourd'hui ?,23/2/2024 22:54:11
02342,754067I,303435F,Com'è andato il tuo weekend?,Comment s'est passé ton week-end ?,23/7/2024 08:46:06
52515,133670E,242332F,¿Cómo estuvo tu fin de semana?,Comment s'est passé ton week-end ?,1/5/2024 04:13:09
13311,176137G,555233F,Wir sehen uns morgen!,On se voit demain !,12/6/2024 09:59:32
22232,120046I,555233F,Che ore sono?,Quelle heure est-il ?,6/12/2024 00:35:09
10204,643631G,106507F,"Ich hoffe, es geht dir gut.",J'espère que tu vas bien.,15/5/2024 09:00:28
05555,752035G,235142F,Guten Morgen!,Bonjour !,16/11/2024 23:52:27
44100,065052G,771576F,Guten Morgen!,Bonjour !,1/10/2024 19:32:08
54523,320056F,400215E,"Bonjour, comment ça va ?","Hola, ¿cómo estás?",12/11/2024 07:21:07
30344,532617I,273176F,Com'è andato il tuo weekend?,Comment s'est passé ton week-end ?,25/9/2024 01:23:25
54521,167412G,207424F,"Hallo, wie geht's dir?","Bonjour, comment ça va ?",22/1/2024 04:49:45
24142,736047E,672100F,¡Nos vemos mañana!,On se voit demain !,18/6/2024 11:22:37
12504,462356F,254727E,Que fais-tu aujourd'hui ?,¿Qué haces hoy?,1/9/2024 04:13:26
10551,651244F,320336I,"Bonjour, comment ça va ?","Ciao, come stai?",9/10/2024 23:10:14
55420,275066I,313044F,Cosa fai oggi?,Que fais-tu aujourd'hui ?,10/10/2024 23:57:38
52024,165716G,101414F,Wir sehen uns morgen!,On se voit demain !,2/7/2024 18:12:30
22402,322024I,706220F,Buona giornata!,Passe une excellente journée !,16/3/2024 08:45:39
22045,210313I,404653F,Cosa fai oggi?,Que fais-tu aujourd'hui ?,23/7/2024 03:16:26
35522,071061F,432053I,Peux-tu m'aider avec ça ?,Puoi aiutarmi con questo?,8/5/2024 08:06:33
43102,116441F,051652E,Bonjour !,¡Buenos días!,16/1/2024 07:54:29
52002,312775G,154223F,Kannst du mir damit helfen?,Peux-tu m'aider avec ça ?,27/2/2024 16:36:53
01020,041260I,253236F,Cosa fai oggi?,Que fais-tu aujourd'hui ?,13/8/2024 13:40:12
23452,376565F,715041I,C'est une belle journée.,È una bella giornata.,23/11/2024 06:17:03
04124,531645G,612777F,Kannst du mir damit helfen?,Peux-tu m'aider avec ça ?,20/3/2024 18:05:02
20434,501076G,401343F,Kannst du mir damit helfen?,Peux-tu m'aider avec ça ?,10/12/2024 20:44:56
32301,770637I,404653F,È una bella giornata.,C'est une belle journée.,19/3/2024 20:42:57
20241,115503E,435755F,¿Qué haces hoy?,Que fais-tu aujourd'hui ?,29/9/2024 01:15:32
25450,261764G,403314F,Guten Morgen!,Bonjour !,16/2/2024 13:14:54
15550,762751I,227577F,"Ciao, come stai?","Bonjour, comment ça va ?",15/6/2024 12:30:52
45020,115216I,427140F,Che ore sono?,Quelle heure est-il ?,6/7/2024 02:23:17
24443,350545E,303435F,¡Que tengas un gran día!,Passe une excellente journée !,20/11/2024 22:22:18
45152,576075F,670611G,C'est une belle journée.,Es ist ein schöner Tag.,13/11/2024 22:33:34
54351,625635F,027372G,Quelle heure est-il ?,Wie spät ist es?,3/7/2024 04:36:10
13154,614374G,636443F,Hab einen schönen Tag!,Passe une excellente journée !,3/6/2024 11:44:27
55251,011311E,362166F,¿Cómo estuvo tu fin de semana?,Comment s'est passé ton week-end ?,8/12/2024 22:53:01
23251,035771I,263477F,Com'è andato il tuo weekend?,Comment s'est passé ton week-end ?,14/10/2024 15:50:53
30311,600144I,723715F,È una bella giornata.,C'est une belle journée.,20/2/2024 17:16:22
52212,140442G,705027F,Wir sehen uns morgen!,On se voit demain !,5/3/2024 17:23:17
21231,001107F,426074E,J'espère que tu vas bien.,Espero que estés bien.,20/3/2024 17:43:59
32041,062674I,263477F,Buongiorno!,Bonjour !,30/11/2024 01:16:56
04521,732172F,505465I,Peux-tu m'aider avec ça ?,Puoi aiutarmi con questo?,12/4/2024 22:03:07
25202,443073G,171561F,Hab einen schönen Tag!,Passe une excellente journée !,16/5/2024 22:03:03
04223,744150F,717421E,Passe une excellente journée !,¡Que tengas un gran día!,25/6/2024 11:42:54
34015,643043I,367305F,Spero che tu stia bene.,J'espère que tu vas bien.,10/9/2024 05:38:18
34244,535632F,742715I,Bonjour !,Buongiorno!,11/2/2024 05:03:46
30015,032245F,714305E,Comment s'est passé ton week-end ?,¿Cómo estuvo tu fin de semana?,8/11/2024 00:02:32
32130,202133F,326651G,Peux-tu m'aider avec ça ?,Kannst du mir damit helfen?,7/4/2024 10:54:20
43551,604537I,171123F,Ci vediamo domani!,On se voit demain !,15/5/2024 08:19:32
24342,730607E,417270F,¿Puedes ayudarme con esto?,Peux-tu m'aider avec ça ?,5/1/2024 19:23:05
43404,106507F,322731G,Passe une excellente journée !,Hab einen schönen Tag!,30/11/2024 23:25:47
45043,761653G,756006F,Was machst du heute?,Que fais-tu aujourd'hui ?,18/12/2024 15:06:20
30153,516723I,531331F,Buongiorno!,Bonjour !,1/11/2024 12:42:33
21353,557311G,076206F,Wie spät ist es?,Quelle heure est-il ?,3/10/2024 12:23:45
22514,232455G,310407F,Wie spät ist es?,Quelle heure est-il ?,29/7/2024 00:01:30
40255,550510E,635371F,¡Buenos días!,Bonjour !,28/11/2024 03:48:57
53051,657652I,757034F,Ci vediamo domani!,On se voit demain !,24/9/2024 04:34:24
32115,015207I,626757F,Che ore sono?,Quelle heure est-il ?,4/10/2024 18:08:14
05210,177123E,672605F,¿Qué haces hoy?,Que fais-tu aujourd'hui ?,22/6/2024 00:06:56
32421,403230G,625713F,"Ich hoffe, es geht dir gut.",J'espère que tu vas bien.,24/4/2024 00:45:09
12125,752035G,202573F,Kannst du mir damit helfen?,Peux-tu m'aider avec ça ?,13/10/2024 07:30:36
20323,305530E,114712F,¡Buenos días!,Bonjour !,1/6/2024 00:30:07
10015,011311E,761407F,¡Nos vemos mañana!,On se voit demain !,10/1/2024 23:07:12
11452,540703G,732172F,"Hallo, wie geht's dir?","Bonjour, comment ça va ?",21/1/2024 19:49:12
24353,327633G,351274F,Kannst du mir damit helfen?,Peux-tu m'aider avec ça ?,19/9/2024 13:30:38
10422,443062I,362166F,Cosa fai oggi?,Que fais-tu aujourd'hui ?,14/8/2024 09:52:09
13030,562543F,611432E,Bonjour !,¡Buenos días!,16/6/2024 10:03:43
11335,243615G,676533F,Kannst du mir damit helfen?,Peux-tu m'aider avec ça ?,16/8/2024 19:46:47
44420,636462G,614050F,"Ich hoffe, es geht dir gut.",J'espère que tu vas bien.,28/2/2024 11:05:24
02212,153723G,202133F,Was machst du heute?,Que fais-tu aujourd'hui ?,6/5/2024 22:41:09
34511,550603E,533642F,¿Cómo estuvo tu fin de semana?,Comment s'est passé ton week-end ?,30/4/2024 11:40:41
34410,745312I,773715F,Com'è andato il tuo weekend?,Comment s'est passé ton week-end ?,16/7/2024 18:05:50
54433,110751G,767575F,Kannst du mir damit helfen?,Peux-tu m'aider avec ça ?,22/9/2024 04:13:36
25201,673040E,753410F,¡Que tengas un gran día!,Passe une excellente journée !,29/4/2024 22:52:44
55211,360260G,601506F,Guten Morgen!,Bonjour !,9/1/2024 16:05:28
51421,672605F,120046I,On se voit demain !,Ci vediamo domani!,4/3/2024 15:33:03
21352,065134F,113354E,Que fais-tu aujourd'hui ?,¿Qué haces hoy?,4/11/2024 08:06:56
32011,612254I,207424F,Spero che tu stia bene.,J'espère que tu vas bien.,13/6/2024 22:57:37
35121,442004E,032245F,¿Qué hora es?,Quelle heure est-il ?,1/1/2024 18:48:10
35313,644635G,473051F,Hab einen schönen Tag!,Passe une excellente journée !,5/5/2024 01:48:06
13122,451733I,452342F,Buongiorno!,Bonjour !,8/3/2024 08:19:40
11241,133670E,462356F,¡Que tengas un gran día!,Passe une excellente journée !,9/2/2024 10:42:09
20244,715630E,017655F,¿Cómo estuvo tu fin de semana?,Comment s'est passé ton week-end ?,12/11/2024 16:16:00
21535,545672F,373217E,Quelle heure est-il ?,¿Qué hora es?,24/1/2024 17:15:54
12440,203136I,065134F,Buona giornata!,Passe une excellente journée !,28/10/2024 00:06:37
25120,173167E,017655F,¡Buenos días!,Bonjour !,7/10/2024 01:19:09
23402,506554G,202573F,Wir sehen uns morgen!,On se voit demain !,22/2/2024 22:25:20
50414,734633E,513714F,Hace un día precioso.,C'est une belle journée.,29/6/2024 12:10:59
45200,130702E,023513F,"Hola, ¿cómo estás?","Bonjour, comment ça va ?",27/8/2024 07:15:20
50032,036337G,543672F,Es ist ein schöner Tag.,C'est une belle journée.,15/2/2024 00:54:15
02051,473051F,257502E,Comment s'est passé ton week-end ?,¿Cómo estuvo tu fin de semana?,21/1/2024 07:25:07
54051,177454E,263477F,¡Nos vemos mañana!,On se voit demain !,3/9/2024 11:11:25
11255,334773E,076206F,Espero que estés bien.,J'espère que tu vas bien.,26/2/2024 07:52:12
50132,017157G,614050F,Wir sehen uns morgen!,On se voit demain !,2/9/2024 10:32:54
24152,305374I,373763F,Com'è andato il tuo weekend?,Comment s'est passé ton week-end ?,2/9/2024 19:03:19
02055,442004E,163451F,"Hola, ¿cómo estás?","Bonjour, comment ça va ?",16/8/2024 02:43:52
51324,301512I,723423F,Com'è andato il tuo weekend?,Comment s'est passé ton week-end ?,1/9/2024 05:51:57
52253,715721E,473051F,¡Que tengas un gran día!,Passe une excellente journée !,13/5/2024 10:24:03
31225,266566G,625713F,Es ist ein schöner Tag.,C'est une belle journée.,23/5/2024 18:13:58
30101,246564G,553062F,Kannst du mir damit helfen?,Peux-tu m'aider avec ça ?,20/12/2024 20:45:29
41133,211454I,401343F,Cosa fai oggi?,Que fais-tu aujourd'hui ?,28/9/2024 17:29:37
45001,574642I,176214F,Puoi aiutarmi con questo?,Peux-tu m'aider avec ça ?,7/11/2024 01:05:51
44114,212121F,466355I,Passe une excellente journée !,Buona giornata!,3/9/2024 19:52:45
11035,625504G,254176F,"Hallo, wie geht's dir?","Bonjour, comment ça va ?",11/3/2024 12:09:25
42415,444276G,116657F,"Hallo, wie geht's dir?","Bonjour, comment ça va ?",25/1/2024 17:04:50
50254,714130E,723715F,¡Buenos días!,Bonjour !,10/12/2024 13:13:59
35342,243615G,446536F,Es ist ein schöner Tag.,C'est une belle journée.,1/7/2024 06:00:16
24351,565611G,310407F,"Hallo, wie geht's dir?","Bonjour, comment ça va ?",3/1/2024 13:21:27
23241,106507F,645673E,Quelle heure est-il ?,¿Qué hora es?,16/12/2024 08:08:13
13141,650323I,506653F,"Ciao, come stai?","Bonjour, comment ça va ?",26/10/2024 20:26:17
05331,123241E,254176F,Espero que estés bien.,J'espère que tu vas bien.,13/8/2024 03:17:41
01311,506172G,764317F,Wir sehen uns morgen!,On se voit demain !,10/12/2024 22:18:10
12101,442742I,277617F,Che ore sono?,Quelle heure est-il ?,23/10/2024 02:20:07
55222,134503E,430275F,"Hola, ¿cómo estás?","Bonjour, comment ça va ?",5/9/2024 07:21:25
23104,440231G,256373F,Es ist ein schöner Tag.,C'est une belle journée.,9/7/2024 16:19:48
33105,141367G,755557F,"Hallo, wie geht's dir?","Bonjour, comment ça va ?",4/12/2024 14:48:49
35254,456365G,536366F,Hab einen schönen Tag!,Passe une excellente journée !,19/6/2024 13:16:12
25444,576742I,167233F,Che ore sono?,Quelle heure est-il ?,25/4/2024 21:50:23
33355,747727E,376565F,¿Cómo estuvo tu fin de semana?,Comment s'est passé ton week-end ?,13/10/2024 05:41:10
01433,013242I,674433F,Buona giornata!,Passe une excellente journée !,8/7/2024 23:33:59
52401,322541E,517021F,Hace un día precioso.,C'est une belle journée.,19/1/2024 13:15:16
55310,232667I,432277F,Buona giornata!,Passe une excellente journée !,14/6/2024 16:59:19
00233,411136F,375060I,J'espère que tu vas bien.,Spero che tu stia bene.,8/11/2024 13:23:39
11143,342053G,364761F,Wie spät ist es?,Quelle heure est-il ?,5/4/2024 22:12:20
45052,255322G,525004F,Wie war dein Wochenende?,Comment s'est passé ton week-end ?,30/8/2024 01:37:34
55314,410162G,416547F,Hab einen schönen Tag!,Passe une excellente journée !,14/10/2024 20:35:54
02341,572403E,331226F,Hace un día precioso.,C'est une belle journée.,23/10/2024 13:52:52
54112,232654I,756006F,Com'è andato il tuo weekend?,Comment s'est passé ton week-end ?,13/6/2024 23:54:51
25322,666456E,502272F,Hace un día precioso.,C'est une belle journée.,8/10/2024 19:05:44
53542,272522G,172516F,Hab einen schönen Tag!,Passe une excellente journée !,30/8/2024 00:48:25
34252,203136I,106450F,È una bella giornata.,C'est une belle journée.,22/6/2024 11:42:06
03004,651702G,430331F,"Ich hoffe, es geht dir gut.",J'espère que tu vas bien.,18/8/2024 18:50:30
21511,360022I,017565F,Com'è andato il tuo weekend?,Comment s'est passé ton week-end ?,2/8/2024 19:22:53
43052,343067I,714574F,Che ore sono?,Quelle heure est-il ?,6/3/2024 13:43:28
11145,056577I,731033F,È una bella giornata.,C'est une belle journée.,11/7/2024 17:07:52
24100,604537I,163451F,Buona giornata!,Passe une excellente journée !,11/9/2024 09:58:29
01255,123707I,755313F,Spero che tu stia bene.,J'espère que tu vas bien.,24/7/2024 01:58:50
21241,120274G,213627F,Wie war dein Wochenende?,Comment s'est passé ton week-end ?,26/9/2024 17:43:59
32255,473052E,167233F,Hace un día precioso.,C'est une belle journée.,24/3/2024 04:24:10
51425,614374G,201273F,Was machst du heute?,Que fais-tu aujourd'hui ?,26/3/2024 22:51:10
55555,405661I,130516F,Puoi aiutarmi con questo?,Peux-tu m'aider avec ça ?,2/6/2024 10:19:03
54345,635426I,032573F,Com'è andato il tuo weekend?,Comment s'est passé ton week-end ?,4/12/2024 02:06:47
21232,211301E,137376F,¡Nos vemos mañana!,On se voit demain !,6/10/2024 17:18:42
05210,103126I,115343F,Com'è andato il tuo weekend?,Comment s'est passé ton week-end ?,1/10/2024 12:15:56
21142,334773E,535632F,"Hola, ¿cómo estás?","Bonjour, comment ça va ?",21/8/2024 18:49:22
11543,002763F,266164G,Comment s'est passé ton week-end ?,Wie war dein Wochenende?,3/7/2024 22:03:40
04515,116657F,532617I,Passe une excellente journée !,Buona giornata!,16/12/2024 04:22:07
40230,324523I,116441F,Ci vediamo domani!,On se voit demain !,8/11/2024 19:30:58
53450,305521I,155727F,Com'è andato il tuo weekend?,Comment s'est passé ton week-end ?,8/7/2024 19:50:15
50220,250561G,277617F,Hab einen schönen Tag!,Passe une excellente journée !,8/2/2024 18:33:12
13142,065734G,503265F,Wie war dein Wochenende?,Comment s'est passé ton week-end ?,23/10/2024 01:36:14
51340,730607E,132266F,¿Puedes ayudarme con esto?,Peux-tu m'aider avec ça ?,4/2/2024 12:55:09
30014,501076G,150403F,Wie spät ist es?,Quelle heure est-il ?,13/8/2024 18:28:41
33524,263064I,753410F,Ci vediamo domani!,On se voit demain !,23/9/2024 14:09:04
21510,361046E,531113F,¿Cómo estuvo tu fin de semana?,Comment s'est passé ton week-end ?,1/5/2024 19:55:54
42110,227755G,055643F,Wie war dein Wochenende?,Comment s'est passé ton week-end ?,26/7/2024 15:31:28
51032,545146E,057301F,¡Que tengas un gran día!,Passe une excellente journée !,28/5/2024 13:03:49
44013,244527E,172522F,¡Nos vemos mañana!,On se voit demain !,11/3/2024 09:22:48
01540,651702G,106450F,Kannst du mir damit helfen?,Peux-tu m'aider avec ça ?,4/6/2024 16:31:38
55032,157330F,754514G,On se voit demain !,Wir sehen uns morgen!,20/2/2024 21:57:22
10244,367266I,032573F,Puoi aiutarmi con questo?,Peux-tu m'aider avec ça ?,24/9/2024 10:47:42
25510,632477G,577013F,Es ist ein schöner Tag.,C'est une belle journée.,30/3/2024 20:33:24
43242,252540I,145405F,Buongiorno!,Bonjour !,8/11/2024 19:32:07
00014,411136F,213064E,Que fais-tu aujourd'hui ?,¿Qué haces hoy?,7/10/2024 03:23:43
42123,535632F,270260E,Peux-tu m'aider avec ça ?,¿Puedes ayudarme con esto?,11/9/2024 09:29:39
35323,047400F,060021E,On se voit demain !,¡Nos vemos mañana!,16/6/2024 11:24:34
04444,541257E,661553F,¡Que tengas un gran día!,Passe une excellente journée !,6/6/2024 09:55:00
05442,310407F,272522G,Que fais-tu aujourd'hui ?,Was machst du heute?,25/9/2024 15:12:58
01333,514066G,347033F,Kannst du mir damit helfen?,Peux-tu m'aider avec ça ?,8/4/2024 19:02:19
04321,535632F,731537G,J'espère que tu vas bien.,"Ich hoffe, es geht dir gut.",23/7/2024 14:28:15
33352,557503F,272522G,Que fais-tu aujourd'hui ?,Was machst du heute?,10/4/2024 19:56:37
54132,577013F,714130E,Bonjour !,¡Buenos días!,5/11/2024 08:05:27
31201,721035E,371553F,¿Qué hora es?,Quelle heure est-il ?,3/10/2024 17:06:33
22305,456365G,311260F,"Ich hoffe, es geht dir gut.",J'espère que tu vas bien.,14/3/2024 17:51:14
10054,161743F,013242I,Bonjour !,Buongiorno!,11/11/2024 21:15:48
45422,157330F,401105G,Peux-tu m'aider avec ça ?,Kannst du mir damit helfen?,9/1/2024 03:52:30
11002,207467I,154223F,"Ciao, come stai?","Bonjour, comment ça va ?",14/7/2024 04:51:00
42350,426376E,325224F,¡Que tengas un gran día!,Passe une excellente journée !,13/6/2024 08:21:00
53542,327633G,462356F,Wie war dein Wochenende?,Comment s'est passé ton week-end ?,8/12/2024 22:00:32
45222,556610E,006122F,Hace un día precioso.,C'est une belle journée.,18/12/2024 22:39:33
50533,710524E,330646F,¿Qué hora es?,Quelle heure est-il ?,21/2/2024 02:08:45
01321,545672F,023745E,Que fais-tu aujourd'hui ?,¿Qué haces hoy?,21/1/2024 23:52:24
15503,636462G,432135F,Was machst du heute?,Que fais-tu aujourd'hui ?,30/3/2024 03:14:52
04443,555317I,571447F,Ci vediamo domani!,On se voit demain !,29/11/2024 16:38:00
44302,363507I,500261F,"Ciao, come stai?","Bonjour, comment ça va ?",14/4/2024 16:33:34
41252,051043F,514066G,Passe une excellente journée !,Hab einen schönen Tag!,9/11/2024 17:55:53
31240,120243G,023513F,Hab einen schönen Tag!,Passe une excellente journée !,11/9/2024 13:15:03
31123,057264G,100457F,Kannst du mir damit helfen?,Peux-tu m'aider avec ça ?,20/8/2024 09:08:45
32453,573020I,313044F,"Ciao, come stai?","Bonjour, comment ça va ?",8/8/2024 10:15:16
41425,614765G,763536F,Was machst du heute?,Que fais-tu aujourd'hui ?,22/12/2024 06:57:35
03135,362166F,147207I,C'est une belle journée.,È una bella giornata.,14/7/2024 19:03:32
11501,253744G,757034F,Wie spät ist es?,Quelle heure est-il ?,22/10/2024 09:10:30
50523,443062I,331226F,Spero che tu stia bene.,J'espère que tu vas bien.,6/4/2024 11:57:52
01453,076206F,106452G,Comment s'est passé ton week-end ?,Wie war dein Wochenende?,30/2/2024 04:50:37
03114,541257E,171123F,Hace un día precioso.,C'est une belle journée.,7/2/2024 10:00:51
53501,776121E,651244F,"Hola, ¿cómo estás?","Bonjour, comment ça va ?",6/1/2024 13:56:24
55133,157060I,263477F,Com'è andato il tuo weekend?,Comment s'est passé ton week-end ?,18/1/2024 08:49:01
20333,750174E,172522F,Hace un día precioso.,C'est une belle journée.,15/10/2024 16:34:47
05345,435653F,441305E,Peux-tu m'aider avec ça ?,¿Puedes ayudarme con esto?,27/1/2024 00:25:14
30432,644635G,136076F,"Hallo, wie geht's dir?","Bonjour, comment ça va ?",6/11/2024 02:24:31
05534,036401G,625713F,Guten Morgen!,Bonjour !,26/7/2024 13:47:27
02551,404152G,017565F,Was machst du heute?,Que fais-tu aujourd'hui ?,20/3/2024 07:35:14
25200,371370E,000262F,¡Que tengas un gran día!,Passe une excellente journée !,12/10/2024 23:33:22
41155,546614E,635745F,¿Qué haces hoy?,Que fais-tu aujourd'hui ?,3/8/2024 18:51:10
43200,473052E,057301F,¡Que tengas un gran día!,Passe une excellente journée !,6/10/2024 12:00:07
12041,633376G,137376F,"Hallo, wie geht's dir?","Bonjour, comment ça va ?",19/1/2024 22:46:59
53512,123241E,161743F,¿Puedes ayudarme con esto?,Peux-tu m'aider avec ça ?,28/5/2024 12:36:46
53220,652221G,755313F,Guten Morgen!,Bonjour !,22/2/2024 06:10:42
01021,450427I,363430F,Spero che tu stia bene.,J'espère que tu vas bien.,29/3/2024 09:15:27
02145,755403E,625635F,¡Nos vemos mañana!,On se voit demain !,14/1/2024 14:40:49
01221,545146E,764317F,¿Cómo estuvo tu fin de semana?,Comment s'est passé ton week-end ?,25/10/2024 06:59:19
25244,167233F,607707E,Comment s'est passé ton week-end ?,¿Cómo estuvo tu fin de semana?,9/11/2024 05:48:19
33055,367554I,003174F,È una bella giornata.,C'est une belle journée.,15/1/2024 06:08:55
33505,146110E,555233F,¡Buenos días!,Bonjour !,22/11/2024 13:46:55
54433,322541E,227577F,¡Nos vemos mañana!,On se voit demain !,10/1/2024 16:32:46
00030,300447I,003352F,Buona giornata!,Passe une excellente journée !,26/1/2024 19:34:39
55213,427140F,574642I,Peux-tu m'aider avec ça ?,Puoi aiutarmi con questo?,14/11/2024 15:40:33
24422,521444G,543672F,Kannst du mir damit helfen?,Peux-tu m'aider avec ça ?,24/1/2024 23:26:26
32241,077645I,557121F,Com'è andato il tuo weekend?,Comment s'est passé ton week-end ?,29/10/2024 02:42:05
50025,276364G,174251F,Wir sehen uns morgen!,On se voit demain !,4/4/2024 05:20:41
55213,504670E,330646F,¿Cómo estuvo tu fin de semana?,Comment s'est passé ton week-end ?,2/6/2024 14:56:16
31524,000262F,106225E,Passe une excellente journée !,¡Que tengas un gran día!,22/5/2024 06:20:16
33551,736756I,543672F,Che ore sono?,Quelle heure est-il ?,25/9/2024 19:10:52
52311,273316E,525004F,¡Nos vemos mañana!,On se voit demain !,2/9/2024 06:21:02
33404,123707I,032573F,Spero che tu stia bene.,J'espère que tu vas bien.,2/3/2024 20:18:15
20150,220354G,263477F,Wie war dein Wochenende?,Comment s'est passé ton week-end ?,2/1/2024 07:58:33
45431,347234F,231536I,J'espère que tu vas bien.,Spero che tu stia bene.,2/4/2024 12:33:57
04050,754514G,435653F,Wie spät ist es?,Quelle heure est-il ?,9/6/2024 13:16:24
42135,126760F,266164G,"Bonjour, comment ça va ?","Hallo, wie geht's dir?",11/6/2024 13:37:00
34543,745040I,154223F,Ci vediamo domani!,On se voit demain !,16/1/2024 09:42:59
01440,751011I,032573F,Ci vediamo domani!,On se voit demain !,11/12/2024 06:34:24
00200,065134F,473052E,Peux-tu m'aider avec ça ?,¿Puedes ayudarme con esto?,9/2/2024 09:10:21
13412,317302G,457577F,Was machst du heute?,Que fais-tu aujourd'hui ?,10/2/2024 05:23:32
13543,416123G,661553F,Wir sehen uns morgen!,On se voit demain !,24/1/2024 01:46:38
43321,421746I,213627F,Com'è andato il tuo weekend?,Comment s'est passé ton week-end ?,15/8/2024 05:09:22
50305,653213G,455523F,Wir sehen uns morgen!,On se voit demain !,28/11/2024 05:15:29
15211,412271I,273176F,È una bella giornata.,C'est une belle journée.,23/2/2024 02:23:19
55330,652415E,430275F,¿Puedes ayudarme con esto?,Peux-tu m'aider avec ça ?,14/12/2024 07:09:52
10200,303610I,446536F,Buona giornata!,Passe une excellente journée !,4/5/2024 19:09:00
52042,301512I,553062F,Buona giornata!,Passe une excellente journée !,10/3/2024 21:55:34
41143,534264I,625635F,Spero che tu stia bene.,J'espère que tu vas bien.,23/10/2024 15:39:20
10455,275730E,446536F,¿Qué haces hoy?,Que fais-tu aujourd'hui ?,15/3/2024 17:28:29
52000,612253F,301512I,Passe une excellente journée !,Buona giornata!,15/6/2024 20:54:26
41501,031520G,172522F,Was machst du heute?,Que fais-tu aujourd'hui ?,4/2/2024 19:18:28
22320,754067I,074513F,Com'è andato il tuo weekend?,Comment s'est passé ton week-end ?,6/7/2024 10:39:19
14232,323702I,503265F,"Ciao, come stai?","Bonjour, comment ça va ?",3/1/2024 19:56:39
34315,705027F,112655E,"Bonjour, comment ça va ?","Hola, ¿cómo estás?",10/6/2024 04:43:29
21521,441603I,310223F,Che ore sono?,Quelle heure est-il ?,1/4/2024 07:07:50
22020,446723F,573576E,Peux-tu m'aider avec ça ?,¿Puedes ayudarme con esto?,12/9/2024 10:39:41
21212,630325G,661553F,Guten Morgen!,Bonjour !,25/11/2024 16:20:04
45415,607707E,612777F,¡Nos vemos mañana!,On se voit demain !,29/1/2024 19:17:19
23053,730707I,337773F,Spero che tu stia bene.,J'espère que tu vas bien.,4/11/2024 10:29:02
31105,016120G,213627F,"Ich hoffe, es geht dir gut.",J'espère que tu vas bien.,15/3/2024 14:04:47
04432,173172E,663255F,Hace un día precioso.,C'est une belle journée.,29/6/2024 23:20:35
12454,165675I,376565F,Puoi aiutarmi con questo?,Peux-tu m'aider avec ça ?,27/12/2024 19:53:33
52503,036221G,752174F,Es ist ein schöner Tag.,C'est une belle journée.,4/2/2024 19:28:26
32553,607254G,264770F,Guten Morgen!,Bonjour !,25/2/2024 12:34:29
34203,137067F,332255G,C'est une belle journée.,Es ist ein schöner Tag.,25/11/2024 09:08:43
10014,005325G,756626F,Hab einen schönen Tag!,Passe une excellente journée !,8/8/2024 23:10:17
22355,244527E,256373F,Espero que estés bien.,J'espère que tu vas bien.,18/6/2024 17:59:49
35354,310363G,132266F,Es ist ein schöner Tag.,C'est une belle journée.,13/6/2024 07:55:14
00141,737216G,723715F,"Ich hoffe, es geht dir gut.",J'espère que tu vas bien.,27/10/2024 03:40:58
35121,037107F,325726E,On se voit demain !,¡Nos vemos mañana!,17/3/2024 03:31:59
53535,243615G,756006F,Es ist ein schöner Tag.,C'est une belle journée.,20/5/2024 20:04:23
32331,241314G,502272F,Wie spät ist es?,Quelle heure est-il ?,5/3/2024 18:42:36
04155,133511G,557503F,"Hallo, wie geht's dir?","Bonjour, comment ça va ?",5/9/2024 06:11:27
12523,636443F,663107G,Que fais-tu aujourd'hui ?,Was machst du heute?,1/12/2024 12:52:05
45300,223624G,077005F,Hab einen schönen Tag!,Passe une excellente journée !,28/4/2024 06:51:29
54330,232654I,512367F,Ci vediamo domani!,On se voit demain !,2/1/2024 07:59:53
32430,321053G,612253F,Es ist ein schöner Tag.,C'est une belle journée.,13/1/2024 18:11:47
55145,700600I,731033F,Spero che tu stia bene.,J'espère que tu vas bien.,29/8/2024 01:04:44
44022,772631E,731033F,¡Buenos días!,Bonjour !,24/10/2024 04:06:29
42221,157060I,364761F,Buona giornata!,Passe une excellente journée !,10/12/2024 00:04:54
51042,372354E,212424F,"Hola, ¿cómo estás?","Bonjour, comment ça va ?",19/5/2024 15:53:41
25255,203136I,055643F,Cosa fai oggi?,Que fais-tu aujourd'hui ?,30/2/2024 12:18:29
45224,056136I,116441F,Cosa fai oggi?,Que fais-tu aujourd'hui ?,14/3/2024 19:40:39
13344,636761G,311260F,Es ist ein schöner Tag.,C'est une belle journée.,21/1/2024 06:11:43
00014,201273F,631270G,C'est une belle journée.,Es ist ein schöner Tag.,29/1/2024 00:03:05
00300,516723I,706262F,Buona giornata!,Passe une excellente journée !,24/7/2024 05:51:04
34553,265010I,311260F,È una bella giornata.,C'est une belle journée.,20/3/2024 04:46:08
30324,253236F,277516I,J'espère que tu vas bien.,Spero che tu stia bene.,4/11/2024 05:37:37
02205,342234E,174251F,¡Que tengas un gran día!,Passe une excellente journée !,29/9/2024 15:00:03
43204,270260E,331612F,Espero que estés bien.,J'espère que tu vas bien.,2/3/2024 02:39:32
14513,033753I,446536F,Com'è andato il tuo weekend?,Comment s'est passé ton week-end ?,19/4/2024 12:51:58
41513,032245F,215724G,"Bonjour, comment ça va ?","Hallo, wie geht's dir?",2/4/2024 14:59:45
22121,534672I,124222F,Spero che tu stia bene.,J'espère que tu vas bien.,18/7/2024 17:21:04
05234,611432E,241005F,Hace un día precioso.,C'est une belle journée.,16/8/2024 07:59:16
35514,337773F,652415E,Quelle heure est-il ?,¿Qué hora es?,10/6/2024 12:02:36
43055,446536F,272522G,Passe une excellente journée !,Hab einen schönen Tag!,12/7/2024 13:13:54
22451,107220E,037107F,¿Qué hora es?,Quelle heure est-il ?,17/3/2024 13:46:59
33334,723502F,673766E,"Bonjour, comment ça va ?","Hola, ¿cómo estás?",21/6/2024 19:24:27
31554,056136I,670441F,Puoi aiutarmi con questo?,Peux-tu m'aider avec ça ?,26/4/2024 10:20:32
31022,204563I,210522F,Puoi aiutarmi con questo?,Peux-tu m'aider avec ça ?,9/1/2024 17:38:04
23224,257502E,130516F,¡Buenos días!,Bonjour !,29/6/2024 14:55:58
54500,077463I,202573F,Buongiorno!,Bonjour !,5/6/2024 22:04:10
31504,737611G,033440F,Guten Morgen!,Bonjour !,15/11/2024 16:00:33
33540,057301F,115503E,Bonjour !,¡Buenos días!,5/3/2024 00:35:54
04520,264770F,157060I,Passe une excellente journée !,Buona giornata!,3/7/2024 19:02:25
55353,612253F,352132E,Bonjour !,¡Buenos días!,19/9/2024 17:06:50
45422,671005E,510202F,¿Puedes ayudarme con esto?,Peux-tu m'aider avec ça ?,29/11/2024 17:58:47
42300,065033G,576075F,Hab einen schönen Tag!,Passe une excellente journée !,4/5/2024 08:47:39
43325,736756I,351274F,Cosa fai oggi?,Que fais-tu aujourd'hui ?,4/12/2024 16:05:27
05254,204563I,077005F,Puoi aiutarmi con questo?,Peux-tu m'aider avec ça ?,10/10/2024 23:58:47
02333,472641E,517771F,"Hola, ¿cómo estás?","Bonjour, comment ça va ?",17/12/2024 02:59:38
54151,164556E,040070F,¿Cómo estuvo tu fin de semana?,Comment s'est passé ton week-end ?,6/6/2024 04:26:08
03205,160265F,503040E,Comment s'est passé ton week-end ?,¿Cómo estuvo tu fin de semana?,1/10/2024 04:35:33
15003,004125E,555233F,¿Qué haces hoy?,Que fais-tu aujourd'hui ?,2/7/2024 21:59:57
20410,723502F,275066I,J'espère que tu vas bien.,Spero che tu stia bene.,13/11/2024 00:49:55
52242,175053E,430275F,¿Qué hora es?,Quelle heure est-il ?,4/7/2024 15:32:16
31022,227755G,430275F,Guten Morgen!,Bonjour !,22/11/2024 00:30:36
22550,325065G,051043F,Wie war dein Wochenende?,Comment s'est passé ton week-end ?,30/12/2024 14:17:50
25111,231536I,577013F,È una bella giornata.,C'est une belle journée.,28/9/2024 14:59:34
02151,735634I,427140F,Che ore sono?,Quelle heure est-il ?,12/8/2024 19:54:28
00053,241314G,227762F,Wie war dein Wochenende?,Comment s'est passé ton week-end ?,26/6/2024 08:07:22
52412,771576F,303610I,"Bonjour, comment ça va ?","Ciao, come stai?",22/10/2024 04:35:02
02452,443062I,663255F,Com'è andato il tuo weekend?,Comment s'est passé ton week-end ?,15/6/2024 03:41:23
11355,015377I,241005F,È una bella giornata.,C'est une belle journée.,21/7/2024 23:36:45
40444,221775G,663255F,"Hallo, wie geht's dir?","Bonjour, comment ça va ?",13/4/2024 11:04:59
15104,067651I,277617F,Puoi aiutarmi con questo?,Peux-tu m'aider avec ça ?,30/8/2024 18:56:18
44535,767575F,747727E,Comment s'est passé ton week-end ?,¿Cómo estuvo tu fin de semana?,13/10/2024 05:08:44
53324,321053G,432135F,Kannst du mir damit helfen?,Peux-tu m'aider avec ça ?,22/12/2024 21:54:07
23322,001402E,242222F,¿Puedes ayudarme con esto?,Peux-tu m'aider avec ça ?,29/9/2024 07:05:03
12242,225744E,661553F,¡Nos vemos mañana!,On se voit demain !,27/4/2024 03:21:54
21150,434632E,003352F,Espero que estés bien.,J'espère que tu vas bien.,25/8/2024 07:44:18
22315,454511G,371553F,Kannst du mir damit helfen?,Peux-tu m'aider avec ça ?,25/10/2024 07:33:09
04022,444276G,553062F,Es ist ein schöner Tag.,C'est une belle journée.,17/9/2024 00:33:58
02213,037256G,221655F,Kannst du mir damit helfen?,Peux-tu m'aider avec ça ?,29/4/2024 07:42:46
00101,112655E,732172F,¡Que tengas un gran día!,Passe une excellente journée !,9/3/2024 15:18:44
24510,261764G,407644F,Guten Morgen!,Bonjour !,6/5/2024 16:04:15
52141,652221G,055643F,Was machst du heute?,Que fais-tu aujourd'hui ?,13/3/2024 21:10:28
20445,144711F,603334G,"Bonjour, comment ça va ?","Hallo, wie geht's dir?",15/4/2024 03:48:33
03532,466116I,255774F,Ci vediamo domani!,On se voit demain !,15/9/2024 09:31:03
10143,120243G,320056F,"Ich hoffe, es geht dir gut.",J'espère que tu vas bien.,26/6/2024 13:40:58
25133,554131G,227577F,Kannst du mir damit helfen?,Peux-tu m'aider avec ça ?,10/3/2024 04:59:14
05101,065734G,576542F,Wir sehen uns morgen!,On se voit demain !,19/4/2024 08:11:49
35345,063221F,714130E,Bonjour !,¡Buenos días!,17/10/2024 20:13:37
51101,473052E,401343F,¿Puedes ayudarme con esto?,Peux-tu m'aider avec ça ?,7/4/2024 20:40:53
51231,602613E,503265F,Espero que estés bien.,J'espère que tu vas bien.,23/1/2024 15:10:13
12434,731033F,175071I,Passe une excellente journée !,Buona giornata!,11/11/2024 05:25:17
30313,001326E,331612F,Hace un día precioso.,C'est une belle journée.,7/9/2024 15:17:42
53532,042227E,144711F,¿Qué haces hoy?,Que fais-tu aujourd'hui ?,16/1/2024 13:03:34
55300,257036G,545672F,Wie spät ist es?,Quelle heure est-il ?,29/12/2024 01:59:49
12210,115216I,614267F,Com'è andato il tuo weekend?,Comment s'est passé ton week-end ?,18/8/2024 06:59:35
43030,642036G,510202F,Wie spät ist es?,Quelle heure est-il ?,6/6/2024 21:00:46
23221,635620E,475556F,Espero que estés bien.,J'espère que tu vas bien.,18/11/2024 03:09:40
53341,767575F,277045G,Quelle heure est-il ?,Wie spät ist es?,27/1/2024 23:38:13
40122,714130E,132266F,¡Buenos días!,Bonjour !,16/1/2024 19:10:25
43445,626757F,372110G,"Bonjour, comment ça va ?","Hallo, wie geht's dir?",16/6/2024 07:31:52
22525,051227F,015224I,Quelle heure est-il ?,Che ore sono?,19/12/2024 21:03:42
12213,331612F,223363I,Passe une excellente journée !,Buona giornata!,1/5/2024 09:22:44
55220,473052E,241736F,¡Que tengas un gran día!,Passe une excellente journée !,17/7/2024 09:41:13
51402,077645I,761407F,Buona giornata!,Passe une excellente journée !,23/8/2024 05:04:45
40400,771576F,072545G,"Bonjour, comment ça va ?","Hallo, wie geht's dir?",10/5/2024 09:25:51
24300,247165G,533642F,"Hallo, wie geht's dir?","Bonjour, comment ça va ?",25/2/2024 23:52:15
10214,565611G,534544F,Wie spät ist es?,Quelle heure est-il ?,7/4/2024 12:21:32
24252,600144I,761407F,Com'è andato il tuo weekend?,Comment s'est passé ton week-end ?,16/9/2024 13:02:51
10123,727754G,710032F,Guten Morgen!,Bonjour !,19/12/2024 04:56:31
15523,540262E,517771F,¡Nos vemos mañana!,On se voit demain !,9/12/2024 07:06:04
